-- MySQL dump 10.13  Distrib 5.7.18, for Linux (x86_64)
--
-- Host: 127.0.0.1    Database: cloudfee
-- ------------------------------------------------------
-- Server version	5.7.18

/*!40101 SET @OLD_CHARACTER_SET_CLIENT=@@CHARACTER_SET_CLIENT */;
/*!40101 SET @OLD_CHARACTER_SET_RESULTS=@@CHARACTER_SET_RESULTS */;
/*!40101 SET @OLD_COLLATION_CONNECTION=@@COLLATION_CONNECTION */;
/*!40101 SET NAMES utf8 */;
/*!40103 SET @OLD_TIME_ZONE=@@TIME_ZONE */;
/*!40103 SET TIME_ZONE='+00:00' */;
/*!40014 SET @OLD_UNIQUE_CHECKS=@@UNIQUE_CHECKS, UNIQUE_CHECKS=0 */;
/*!40014 SET @OLD_FOREIGN_KEY_CHECKS=@@FOREIGN_KEY_CHECKS, FOREIGN_KEY_CHECKS=0 */;
/*!40101 SET @OLD_SQL_MODE=@@SQL_MODE, SQL_MODE='NO_AUTO_VALUE_ON_ZERO' */;
/*!40111 SET @OLD_SQL_NOTES=@@SQL_NOTES, SQL_NOTES=0 */;

--
-- Table structure for table `QRTZ_BLOB_TRIGGERS`
--

DROP TABLE IF EXISTS `QRTZ_BLOB_TRIGGERS`;
/*!40101 SET @saved_cs_client     = @@character_set_client */;
/*!40101 SET character_set_client = utf8 */;
CREATE TABLE `QRTZ_BLOB_TRIGGERS` (
  `SCHED_NAME` varchar(120) NOT NULL,
  `TRIGGER_NAME` varchar(200) NOT NULL,
  `TRIGGER_GROUP` varchar(200) NOT NULL,
  `BLOB_DATA` blob,
  PRIMARY KEY (`SCHED_NAME`,`TRIGGER_NAME`,`TRIGGER_GROUP`),
  KEY `SCHED_NAME` (`SCHED_NAME`,`TRIGGER_NAME`,`TRIGGER_GROUP`),
  CONSTRAINT `QRTZ_BLOB_TRIGGERS_ibfk_1` FOREIGN KEY (`SCHED_NAME`, `TRIGGER_NAME`, `TRIGGER_GROUP`) REFERENCES `QRTZ_TRIGGERS` (`SCHED_NAME`, `TRIGGER_NAME`, `TRIGGER_GROUP`)
) ENGINE=InnoDB DEFAULT CHARSET=utf8;
/*!40101 SET character_set_client = @saved_cs_client */;

--
-- Dumping data for table `QRTZ_BLOB_TRIGGERS`
--

LOCK TABLES `QRTZ_BLOB_TRIGGERS` WRITE;
/*!40000 ALTER TABLE `QRTZ_BLOB_TRIGGERS` DISABLE KEYS */;
/*!40000 ALTER TABLE `QRTZ_BLOB_TRIGGERS` ENABLE KEYS */;
UNLOCK TABLES;

--
-- Table structure for table `QRTZ_CALENDARS`
--

DROP TABLE IF EXISTS `QRTZ_CALENDARS`;
/*!40101 SET @saved_cs_client     = @@character_set_client */;
/*!40101 SET character_set_client = utf8 */;
CREATE TABLE `QRTZ_CALENDARS` (
  `SCHED_NAME` varchar(120) NOT NULL,
  `CALENDAR_NAME` varchar(200) NOT NULL,
  `CALENDAR` blob NOT NULL,
  PRIMARY KEY (`SCHED_NAME`,`CALENDAR_NAME`)
) ENGINE=InnoDB DEFAULT CHARSET=utf8;
/*!40101 SET character_set_client = @saved_cs_client */;

--
-- Dumping data for table `QRTZ_CALENDARS`
--

LOCK TABLES `QRTZ_CALENDARS` WRITE;
/*!40000 ALTER TABLE `QRTZ_CALENDARS` DISABLE KEYS */;
/*!40000 ALTER TABLE `QRTZ_CALENDARS` ENABLE KEYS */;
UNLOCK TABLES;

--
-- Table structure for table `QRTZ_CRON_TRIGGERS`
--

DROP TABLE IF EXISTS `QRTZ_CRON_TRIGGERS`;
/*!40101 SET @saved_cs_client     = @@character_set_client */;
/*!40101 SET character_set_client = utf8 */;
CREATE TABLE `QRTZ_CRON_TRIGGERS` (
  `SCHED_NAME` varchar(120) NOT NULL,
  `TRIGGER_NAME` varchar(200) NOT NULL,
  `TRIGGER_GROUP` varchar(200) NOT NULL,
  `CRON_EXPRESSION` varchar(120) NOT NULL,
  `TIME_ZONE_ID` varchar(80) DEFAULT NULL,
  PRIMARY KEY (`SCHED_NAME`,`TRIGGER_NAME`,`TRIGGER_GROUP`),
  CONSTRAINT `QRTZ_CRON_TRIGGERS_ibfk_1` FOREIGN KEY (`SCHED_NAME`, `TRIGGER_NAME`, `TRIGGER_GROUP`) REFERENCES `QRTZ_TRIGGERS` (`SCHED_NAME`, `TRIGGER_NAME`, `TRIGGER_GROUP`)
) ENGINE=InnoDB DEFAULT CHARSET=utf8;
/*!40101 SET character_set_client = @saved_cs_client */;

--
-- Dumping data for table `QRTZ_CRON_TRIGGERS`
--

LOCK TABLES `QRTZ_CRON_TRIGGERS` WRITE;
/*!40000 ALTER TABLE `QRTZ_CRON_TRIGGERS` DISABLE KEYS */;
INSERT INTO `QRTZ_CRON_TRIGGERS` VALUES ('RenrenScheduler','TASK_1','DEFAULT','0 0/30 * * * ?','Asia/Hong_Kong'),('RenrenScheduler','TASK_2','DEFAULT','0 0/30 * * * ?','Asia/Hong_Kong');
/*!40000 ALTER TABLE `QRTZ_CRON_TRIGGERS` ENABLE KEYS */;
UNLOCK TABLES;

--
-- Table structure for table `QRTZ_FIRED_TRIGGERS`
--

DROP TABLE IF EXISTS `QRTZ_FIRED_TRIGGERS`;
/*!40101 SET @saved_cs_client     = @@character_set_client */;
/*!40101 SET character_set_client = utf8 */;
CREATE TABLE `QRTZ_FIRED_TRIGGERS` (
  `SCHED_NAME` varchar(120) NOT NULL,
  `ENTRY_ID` varchar(95) NOT NULL,
  `TRIGGER_NAME` varchar(200) NOT NULL,
  `TRIGGER_GROUP` varchar(200) NOT NULL,
  `INSTANCE_NAME` varchar(200) NOT NULL,
  `FIRED_TIME` bigint(13) NOT NULL,
  `SCHED_TIME` bigint(13) NOT NULL,
  `PRIORITY` int(11) NOT NULL,
  `STATE` varchar(16) NOT NULL,
  `JOB_NAME` varchar(200) DEFAULT NULL,
  `JOB_GROUP` varchar(200) DEFAULT NULL,
  `IS_NONCONCURRENT` varchar(1) DEFAULT NULL,
  `REQUESTS_RECOVERY` varchar(1) DEFAULT NULL,
  PRIMARY KEY (`SCHED_NAME`,`ENTRY_ID`),
  KEY `IDX_QRTZ_FT_TRIG_INST_NAME` (`SCHED_NAME`,`INSTANCE_NAME`),
  KEY `IDX_QRTZ_FT_INST_JOB_REQ_RCVRY` (`SCHED_NAME`,`INSTANCE_NAME`,`REQUESTS_RECOVERY`),
  KEY `IDX_QRTZ_FT_J_G` (`SCHED_NAME`,`JOB_NAME`,`JOB_GROUP`),
  KEY `IDX_QRTZ_FT_JG` (`SCHED_NAME`,`JOB_GROUP`),
  KEY `IDX_QRTZ_FT_T_G` (`SCHED_NAME`,`TRIGGER_NAME`,`TRIGGER_GROUP`),
  KEY `IDX_QRTZ_FT_TG` (`SCHED_NAME`,`TRIGGER_GROUP`)
) ENGINE=InnoDB DEFAULT CHARSET=utf8;
/*!40101 SET character_set_client = @saved_cs_client */;

--
-- Dumping data for table `QRTZ_FIRED_TRIGGERS`
--

LOCK TABLES `QRTZ_FIRED_TRIGGERS` WRITE;
/*!40000 ALTER TABLE `QRTZ_FIRED_TRIGGERS` DISABLE KEYS */;
/*!40000 ALTER TABLE `QRTZ_FIRED_TRIGGERS` ENABLE KEYS */;
UNLOCK TABLES;

--
-- Table structure for table `QRTZ_JOB_DETAILS`
--

DROP TABLE IF EXISTS `QRTZ_JOB_DETAILS`;
/*!40101 SET @saved_cs_client     = @@character_set_client */;
/*!40101 SET character_set_client = utf8 */;
CREATE TABLE `QRTZ_JOB_DETAILS` (
  `SCHED_NAME` varchar(120) NOT NULL,
  `JOB_NAME` varchar(200) NOT NULL,
  `JOB_GROUP` varchar(200) NOT NULL,
  `DESCRIPTION` varchar(250) DEFAULT NULL,
  `JOB_CLASS_NAME` varchar(250) NOT NULL,
  `IS_DURABLE` varchar(1) NOT NULL,
  `IS_NONCONCURRENT` varchar(1) NOT NULL,
  `IS_UPDATE_DATA` varchar(1) NOT NULL,
  `REQUESTS_RECOVERY` varchar(1) NOT NULL,
  `JOB_DATA` blob,
  PRIMARY KEY (`SCHED_NAME`,`JOB_NAME`,`JOB_GROUP`),
  KEY `IDX_QRTZ_J_REQ_RECOVERY` (`SCHED_NAME`,`REQUESTS_RECOVERY`),
  KEY `IDX_QRTZ_J_GRP` (`SCHED_NAME`,`JOB_GROUP`)
) ENGINE=InnoDB DEFAULT CHARSET=utf8;
/*!40101 SET character_set_client = @saved_cs_client */;

--
-- Dumping data for table `QRTZ_JOB_DETAILS`
--

LOCK TABLES `QRTZ_JOB_DETAILS` WRITE;
/*!40000 ALTER TABLE `QRTZ_JOB_DETAILS` DISABLE KEYS */;
INSERT INTO `QRTZ_JOB_DETAILS` VALUES ('RenrenScheduler','TASK_1','DEFAULT',NULL,'io.renren.utils.ScheduleJob','0','0','0','0','¨\Ì\0sr\0org.quartz.JobDataMapü∞ÉËø©∞\À\0\0xr\0&org.quartz.utils.StringKeyDirtyFlagMapÇ\Ë\√˚\≈](\0Z\0allowsTransientDataxr\0org.quartz.utils.DirtyFlagMap\Ê.≠(v\n\Œ\0Z\0dirtyL\0mapt\0Ljava/util/Map;xpsr\0java.util.HashMap\⁄¡\√`\—\0F\0\nloadFactorI\0	thresholdxp?@\0\0\0\0\0w\0\0\0\0\0\0t\0\rJOB_PARAM_KEYsr\0\"io.renren.entity.ScheduleJobEntity\0\0\0\0\0\0\0\0L\0beanNamet\0Ljava/lang/String;L\0\ncreateTimet\0Ljava/util/Date;L\0cronExpressionq\0~\0	L\0jobIdt\0Ljava/lang/Long;L\0\nmethodNameq\0~\0	L\0paramsq\0~\0	L\0remarkq\0~\0	L\0statust\0Ljava/lang/Integer;xpt\0testTasksr\0java.util.DatehjÅKYt\0\0xpw\0\0X∫ıì0xt\00 0/30 * * * ?sr\0java.lang.Long;ã\‰êÃè#\ﬂ\0J\0valuexr\0java.lang.NumberÜ¨ïî\‡ã\0\0xp\0\0\0\0\0\0\0t\0testt\0renrent\0ÊúâÂèÇÊï∞ÊµãËØïsr\0java.lang.Integer‚†§˜Åá8\0I\0valuexq\0~\0\0\0\0\0x\0'),('RenrenScheduler','TASK_2','DEFAULT',NULL,'io.renren.utils.ScheduleJob','0','0','0','0','¨\Ì\0sr\0org.quartz.JobDataMapü∞ÉËø©∞\À\0\0xr\0&org.quartz.utils.StringKeyDirtyFlagMapÇ\Ë\√˚\≈](\0Z\0allowsTransientDataxr\0org.quartz.utils.DirtyFlagMap\Ê.≠(v\n\Œ\0Z\0dirtyL\0mapt\0Ljava/util/Map;xpsr\0java.util.HashMap\⁄¡\√`\—\0F\0\nloadFactorI\0	thresholdxp?@\0\0\0\0\0w\0\0\0\0\0\0t\0\rJOB_PARAM_KEYsr\0\"io.renren.entity.ScheduleJobEntity\0\0\0\0\0\0\0\0L\0beanNamet\0Ljava/lang/String;L\0\ncreateTimet\0Ljava/util/Date;L\0cronExpressionq\0~\0	L\0jobIdt\0Ljava/lang/Long;L\0\nmethodNameq\0~\0	L\0paramsq\0~\0	L\0remarkq\0~\0	L\0statust\0Ljava/lang/Integer;xpt\0testTasksr\0java.util.DatehjÅKYt\0\0xpw\0\0X\√w\ƒ`xt\00 0/30 * * * ?sr\0java.lang.Long;ã\‰êÃè#\ﬂ\0J\0valuexr\0java.lang.NumberÜ¨ïî\‡ã\0\0xp\0\0\0\0\0\0\0t\0test2pt\0Êó†ÂèÇÊï∞ÊµãËØïsr\0java.lang.Integer‚†§˜Åá8\0I\0valuexq\0~\0\0\0\0x\0');
/*!40000 ALTER TABLE `QRTZ_JOB_DETAILS` ENABLE KEYS */;
UNLOCK TABLES;

--
-- Table structure for table `QRTZ_LOCKS`
--

DROP TABLE IF EXISTS `QRTZ_LOCKS`;
/*!40101 SET @saved_cs_client     = @@character_set_client */;
/*!40101 SET character_set_client = utf8 */;
CREATE TABLE `QRTZ_LOCKS` (
  `SCHED_NAME` varchar(120) NOT NULL,
  `LOCK_NAME` varchar(40) NOT NULL,
  PRIMARY KEY (`SCHED_NAME`,`LOCK_NAME`)
) ENGINE=InnoDB DEFAULT CHARSET=utf8;
/*!40101 SET character_set_client = @saved_cs_client */;

--
-- Dumping data for table `QRTZ_LOCKS`
--

LOCK TABLES `QRTZ_LOCKS` WRITE;
/*!40000 ALTER TABLE `QRTZ_LOCKS` DISABLE KEYS */;
INSERT INTO `QRTZ_LOCKS` VALUES ('RenrenScheduler','STATE_ACCESS'),('RenrenScheduler','TRIGGER_ACCESS');
/*!40000 ALTER TABLE `QRTZ_LOCKS` ENABLE KEYS */;
UNLOCK TABLES;

--
-- Table structure for table `QRTZ_PAUSED_TRIGGER_GRPS`
--

DROP TABLE IF EXISTS `QRTZ_PAUSED_TRIGGER_GRPS`;
/*!40101 SET @saved_cs_client     = @@character_set_client */;
/*!40101 SET character_set_client = utf8 */;
CREATE TABLE `QRTZ_PAUSED_TRIGGER_GRPS` (
  `SCHED_NAME` varchar(120) NOT NULL,
  `TRIGGER_GROUP` varchar(200) NOT NULL,
  PRIMARY KEY (`SCHED_NAME`,`TRIGGER_GROUP`)
) ENGINE=InnoDB DEFAULT CHARSET=utf8;
/*!40101 SET character_set_client = @saved_cs_client */;

--
-- Dumping data for table `QRTZ_PAUSED_TRIGGER_GRPS`
--

LOCK TABLES `QRTZ_PAUSED_TRIGGER_GRPS` WRITE;
/*!40000 ALTER TABLE `QRTZ_PAUSED_TRIGGER_GRPS` DISABLE KEYS */;
/*!40000 ALTER TABLE `QRTZ_PAUSED_TRIGGER_GRPS` ENABLE KEYS */;
UNLOCK TABLES;

--
-- Table structure for table `QRTZ_SCHEDULER_STATE`
--

DROP TABLE IF EXISTS `QRTZ_SCHEDULER_STATE`;
/*!40101 SET @saved_cs_client     = @@character_set_client */;
/*!40101 SET character_set_client = utf8 */;
CREATE TABLE `QRTZ_SCHEDULER_STATE` (
  `SCHED_NAME` varchar(120) NOT NULL,
  `INSTANCE_NAME` varchar(200) NOT NULL,
  `LAST_CHECKIN_TIME` bigint(13) NOT NULL,
  `CHECKIN_INTERVAL` bigint(13) NOT NULL,
  PRIMARY KEY (`SCHED_NAME`,`INSTANCE_NAME`)
) ENGINE=InnoDB DEFAULT CHARSET=utf8;
/*!40101 SET character_set_client = @saved_cs_client */;

--
-- Dumping data for table `QRTZ_SCHEDULER_STATE`
--

LOCK TABLES `QRTZ_SCHEDULER_STATE` WRITE;
/*!40000 ALTER TABLE `QRTZ_SCHEDULER_STATE` DISABLE KEYS */;
INSERT INTO `QRTZ_SCHEDULER_STATE` VALUES ('RenrenScheduler','rechen-Latitude-E72401492927981139',1492929923695,15000);
/*!40000 ALTER TABLE `QRTZ_SCHEDULER_STATE` ENABLE KEYS */;
UNLOCK TABLES;

--
-- Table structure for table `QRTZ_SIMPLE_TRIGGERS`
--

DROP TABLE IF EXISTS `QRTZ_SIMPLE_TRIGGERS`;
/*!40101 SET @saved_cs_client     = @@character_set_client */;
/*!40101 SET character_set_client = utf8 */;
CREATE TABLE `QRTZ_SIMPLE_TRIGGERS` (
  `SCHED_NAME` varchar(120) NOT NULL,
  `TRIGGER_NAME` varchar(200) NOT NULL,
  `TRIGGER_GROUP` varchar(200) NOT NULL,
  `REPEAT_COUNT` bigint(7) NOT NULL,
  `REPEAT_INTERVAL` bigint(12) NOT NULL,
  `TIMES_TRIGGERED` bigint(10) NOT NULL,
  PRIMARY KEY (`SCHED_NAME`,`TRIGGER_NAME`,`TRIGGER_GROUP`),
  CONSTRAINT `QRTZ_SIMPLE_TRIGGERS_ibfk_1` FOREIGN KEY (`SCHED_NAME`, `TRIGGER_NAME`, `TRIGGER_GROUP`) REFERENCES `QRTZ_TRIGGERS` (`SCHED_NAME`, `TRIGGER_NAME`, `TRIGGER_GROUP`)
) ENGINE=InnoDB DEFAULT CHARSET=utf8;
/*!40101 SET character_set_client = @saved_cs_client */;

--
-- Dumping data for table `QRTZ_SIMPLE_TRIGGERS`
--

LOCK TABLES `QRTZ_SIMPLE_TRIGGERS` WRITE;
/*!40000 ALTER TABLE `QRTZ_SIMPLE_TRIGGERS` DISABLE KEYS */;
/*!40000 ALTER TABLE `QRTZ_SIMPLE_TRIGGERS` ENABLE KEYS */;
UNLOCK TABLES;

--
-- Table structure for table `QRTZ_SIMPROP_TRIGGERS`
--

DROP TABLE IF EXISTS `QRTZ_SIMPROP_TRIGGERS`;
/*!40101 SET @saved_cs_client     = @@character_set_client */;
/*!40101 SET character_set_client = utf8 */;
CREATE TABLE `QRTZ_SIMPROP_TRIGGERS` (
  `SCHED_NAME` varchar(120) NOT NULL,
  `TRIGGER_NAME` varchar(200) NOT NULL,
  `TRIGGER_GROUP` varchar(200) NOT NULL,
  `STR_PROP_1` varchar(512) DEFAULT NULL,
  `STR_PROP_2` varchar(512) DEFAULT NULL,
  `STR_PROP_3` varchar(512) DEFAULT NULL,
  `INT_PROP_1` int(11) DEFAULT NULL,
  `INT_PROP_2` int(11) DEFAULT NULL,
  `LONG_PROP_1` bigint(20) DEFAULT NULL,
  `LONG_PROP_2` bigint(20) DEFAULT NULL,
  `DEC_PROP_1` decimal(13,4) DEFAULT NULL,
  `DEC_PROP_2` decimal(13,4) DEFAULT NULL,
  `BOOL_PROP_1` varchar(1) DEFAULT NULL,
  `BOOL_PROP_2` varchar(1) DEFAULT NULL,
  PRIMARY KEY (`SCHED_NAME`,`TRIGGER_NAME`,`TRIGGER_GROUP`),
  CONSTRAINT `QRTZ_SIMPROP_TRIGGERS_ibfk_1` FOREIGN KEY (`SCHED_NAME`, `TRIGGER_NAME`, `TRIGGER_GROUP`) REFERENCES `QRTZ_TRIGGERS` (`SCHED_NAME`, `TRIGGER_NAME`, `TRIGGER_GROUP`)
) ENGINE=InnoDB DEFAULT CHARSET=utf8;
/*!40101 SET character_set_client = @saved_cs_client */;

--
-- Dumping data for table `QRTZ_SIMPROP_TRIGGERS`
--

LOCK TABLES `QRTZ_SIMPROP_TRIGGERS` WRITE;
/*!40000 ALTER TABLE `QRTZ_SIMPROP_TRIGGERS` DISABLE KEYS */;
/*!40000 ALTER TABLE `QRTZ_SIMPROP_TRIGGERS` ENABLE KEYS */;
UNLOCK TABLES;

--
-- Table structure for table `QRTZ_TRIGGERS`
--

DROP TABLE IF EXISTS `QRTZ_TRIGGERS`;
/*!40101 SET @saved_cs_client     = @@character_set_client */;
/*!40101 SET character_set_client = utf8 */;
CREATE TABLE `QRTZ_TRIGGERS` (
  `SCHED_NAME` varchar(120) NOT NULL,
  `TRIGGER_NAME` varchar(200) NOT NULL,
  `TRIGGER_GROUP` varchar(200) NOT NULL,
  `JOB_NAME` varchar(200) NOT NULL,
  `JOB_GROUP` varchar(200) NOT NULL,
  `DESCRIPTION` varchar(250) DEFAULT NULL,
  `NEXT_FIRE_TIME` bigint(13) DEFAULT NULL,
  `PREV_FIRE_TIME` bigint(13) DEFAULT NULL,
  `PRIORITY` int(11) DEFAULT NULL,
  `TRIGGER_STATE` varchar(16) NOT NULL,
  `TRIGGER_TYPE` varchar(8) NOT NULL,
  `START_TIME` bigint(13) NOT NULL,
  `END_TIME` bigint(13) DEFAULT NULL,
  `CALENDAR_NAME` varchar(200) DEFAULT NULL,
  `MISFIRE_INSTR` smallint(2) DEFAULT NULL,
  `JOB_DATA` blob,
  PRIMARY KEY (`SCHED_NAME`,`TRIGGER_NAME`,`TRIGGER_GROUP`),
  KEY `IDX_QRTZ_T_J` (`SCHED_NAME`,`JOB_NAME`,`JOB_GROUP`),
  KEY `IDX_QRTZ_T_JG` (`SCHED_NAME`,`JOB_GROUP`),
  KEY `IDX_QRTZ_T_C` (`SCHED_NAME`,`CALENDAR_NAME`),
  KEY `IDX_QRTZ_T_G` (`SCHED_NAME`,`TRIGGER_GROUP`),
  KEY `IDX_QRTZ_T_STATE` (`SCHED_NAME`,`TRIGGER_STATE`),
  KEY `IDX_QRTZ_T_N_STATE` (`SCHED_NAME`,`TRIGGER_NAME`,`TRIGGER_GROUP`,`TRIGGER_STATE`),
  KEY `IDX_QRTZ_T_N_G_STATE` (`SCHED_NAME`,`TRIGGER_GROUP`,`TRIGGER_STATE`),
  KEY `IDX_QRTZ_T_NEXT_FIRE_TIME` (`SCHED_NAME`,`NEXT_FIRE_TIME`),
  KEY `IDX_QRTZ_T_NFT_ST` (`SCHED_NAME`,`TRIGGER_STATE`,`NEXT_FIRE_TIME`),
  KEY `IDX_QRTZ_T_NFT_MISFIRE` (`SCHED_NAME`,`MISFIRE_INSTR`,`NEXT_FIRE_TIME`),
  KEY `IDX_QRTZ_T_NFT_ST_MISFIRE` (`SCHED_NAME`,`MISFIRE_INSTR`,`NEXT_FIRE_TIME`,`TRIGGER_STATE`),
  KEY `IDX_QRTZ_T_NFT_ST_MISFIRE_GRP` (`SCHED_NAME`,`MISFIRE_INSTR`,`NEXT_FIRE_TIME`,`TRIGGER_GROUP`,`TRIGGER_STATE`),
  CONSTRAINT `QRTZ_TRIGGERS_ibfk_1` FOREIGN KEY (`SCHED_NAME`, `JOB_NAME`, `JOB_GROUP`) REFERENCES `QRTZ_JOB_DETAILS` (`SCHED_NAME`, `JOB_NAME`, `JOB_GROUP`)
) ENGINE=InnoDB DEFAULT CHARSET=utf8;
/*!40101 SET character_set_client = @saved_cs_client */;

--
-- Dumping data for table `QRTZ_TRIGGERS`
--

LOCK TABLES `QRTZ_TRIGGERS` WRITE;
/*!40000 ALTER TABLE `QRTZ_TRIGGERS` DISABLE KEYS */;
INSERT INTO `QRTZ_TRIGGERS` VALUES ('RenrenScheduler','TASK_1','DEFAULT','TASK_1','DEFAULT',NULL,1492930800000,1492929000000,5,'WAITING','CRON',1491192976000,0,NULL,2,'¨\Ì\0sr\0org.quartz.JobDataMapü∞ÉËø©∞\À\0\0xr\0&org.quartz.utils.StringKeyDirtyFlagMapÇ\Ë\√˚\≈](\0Z\0allowsTransientDataxr\0org.quartz.utils.DirtyFlagMap\Ê.≠(v\n\Œ\0Z\0dirtyL\0mapt\0Ljava/util/Map;xpsr\0java.util.HashMap\⁄¡\√`\—\0F\0\nloadFactorI\0	thresholdxp?@\0\0\0\0\0w\0\0\0\0\0\0t\0\rJOB_PARAM_KEYt\0™{\"beanName\":\"testTask\",\"createTime\":1480605406000,\"cronExpression\":\"0 0/30 * * * ?\",\"jobId\":1,\"methodName\":\"test\",\"params\":\"renren\",\"remark\":\"ÊúâÂèÇÊï∞ÊµãËØï\",\"status\":0}x\0'),('RenrenScheduler','TASK_2','DEFAULT','TASK_2','DEFAULT',NULL,1491193800000,-1,5,'PAUSED','CRON',1491192976000,0,NULL,2,'¨\Ì\0sr\0org.quartz.JobDataMapü∞ÉËø©∞\À\0\0xr\0&org.quartz.utils.StringKeyDirtyFlagMapÇ\Ë\√˚\≈](\0Z\0allowsTransientDataxr\0org.quartz.utils.DirtyFlagMap\Ê.≠(v\n\Œ\0Z\0dirtyL\0mapt\0Ljava/util/Map;xpsr\0java.util.HashMap\⁄¡\√`\—\0F\0\nloadFactorI\0	thresholdxp?@\0\0\0\0\0w\0\0\0\0\0\0t\0\rJOB_PARAM_KEYt\0ô{\"beanName\":\"testTask\",\"createTime\":1480748156000,\"cronExpression\":\"0 0/30 * * * ?\",\"jobId\":2,\"methodName\":\"test2\",\"remark\":\"Êó†ÂèÇÊï∞ÊµãËØï\",\"status\":1}x\0');
/*!40000 ALTER TABLE `QRTZ_TRIGGERS` ENABLE KEYS */;
UNLOCK TABLES;

--
-- Table structure for table `ctd_account`
--

DROP TABLE IF EXISTS `ctd_account`;
/*!40101 SET @saved_cs_client     = @@character_set_client */;
/*!40101 SET character_set_client = utf8 */;
CREATE TABLE `ctd_account` (
  `ACCOUNT_ID` varchar(40) NOT NULL COMMENT 'Ë¥¶Êà∑ID',
  `CLOUD_ID` varchar(40) DEFAULT NULL COMMENT '‰∫ëÊèê‰æõÂïÜID',
  `name` varchar(45) NOT NULL COMMENT 'Ë¥¶Êà∑ÂêçÁß∞',
  `update_time` date DEFAULT NULL COMMENT '‰øÆÊîπÊó∂Èó¥',
  `OPERATE_USER_ID` varchar(40) DEFAULT NULL COMMENT 'ÁªèÂäûID',
  `validate` varchar(1) DEFAULT NULL COMMENT 'Áä∂ÊÄÅ',
  `root_account_id` varchar(50) NOT NULL COMMENT '‰ªòÊ¨æË¥¶Êà∑ID',
  `root_account_name` varchar(50) DEFAULT NULL COMMENT '‰ªòÊ¨æË¥¶Êà∑ÂêçÁß∞',
  `cloud_type` int(11) DEFAULT NULL,
  `is_assume_role` tinyint(1) DEFAULT NULL,
  `last_month_invoice_size` decimal(16,6) DEFAULT NULL COMMENT '‰∏äÊúàË¥¶ÂçïÂ§ßÂ∞è',
  `create_time` timestamp NULL DEFAULT NULL COMMENT 'ÁªëÂÆö‰∫ëË¥¶Âè∑Êó∂Èó¥',
  PRIMARY KEY (`ACCOUNT_ID`),
  KEY `FK_Relationship_92` (`CLOUD_ID`),
  CONSTRAINT `FK_Relationship_92` FOREIGN KEY (`CLOUD_ID`) REFERENCES `ctd_cloud_type` (`CLOUD_ID`)
) ENGINE=InnoDB DEFAULT CHARSET=utf8;
/*!40101 SET character_set_client = @saved_cs_client */;

--
-- Dumping data for table `ctd_account`
--

LOCK TABLES `ctd_account` WRITE;
/*!40000 ALTER TABLE `ctd_account` DISABLE KEYS */;
/*!40000 ALTER TABLE `ctd_account` ENABLE KEYS */;
UNLOCK TABLES;

--
-- Table structure for table `ctd_account_linkaccount`
--

DROP TABLE IF EXISTS `ctd_account_linkaccount`;
/*!40101 SET @saved_cs_client     = @@character_set_client */;
/*!40101 SET character_set_client = utf8 */;
CREATE TABLE `ctd_account_linkaccount` (
  `account_link_id` varchar(32) NOT NULL COMMENT 'ÂÖ≥ËÅîID',
  `pay_account_id` varchar(45) NOT NULL COMMENT '‰∏ªË¥¶Êà∑ID',
  `pay_account_name` varchar(45) DEFAULT NULL COMMENT '‰∏ªË¥¶Êà∑ÂêçÁß∞',
  `link_account_id` varchar(45) DEFAULT NULL COMMENT 'ÂÖ≥ËÅîË¥¶Êà∑Id',
  `link_account_name` varchar(45) DEFAULT NULL COMMENT 'ÂÖ≥ËÅîË¥¶Êà∑ÂêçÁß∞',
  `link_access_key` varchar(100) DEFAULT NULL COMMENT 'ÂÖ≥ËÅîË¥¶Êà∑AK',
  `link_secret_key` varchar(200) DEFAULT NULL COMMENT 'ÂÖ≥ËÅîË¥¶Êà∑SK',
  `reserved_status` varchar(1) DEFAULT NULL COMMENT 'È¢ÑÁïôÂÆû‰æãÁä∂ÊÄÅ',
  `update_time` date DEFAULT NULL COMMENT '‰øÆÊîπÊó∂Èó¥',
  PRIMARY KEY (`account_link_id`)
) ENGINE=InnoDB DEFAULT CHARSET=utf8 COMMENT='‰∫ëË¥¶Êà∑‰∏éÂÖ≥ËÅîË¥¶Êà∑ÁöÑÂÖ≥Á≥ª';
/*!40101 SET character_set_client = @saved_cs_client */;

--
-- Dumping data for table `ctd_account_linkaccount`
--

LOCK TABLES `ctd_account_linkaccount` WRITE;
/*!40000 ALTER TABLE `ctd_account_linkaccount` DISABLE KEYS */;
/*!40000 ALTER TABLE `ctd_account_linkaccount` ENABLE KEYS */;
UNLOCK TABLES;

--
-- Table structure for table `ctd_aws_account`
--

DROP TABLE IF EXISTS `ctd_aws_account`;
/*!40101 SET @saved_cs_client     = @@character_set_client */;
/*!40101 SET character_set_client = utf8 */;
CREATE TABLE `ctd_aws_account` (
  `ACCOUNT_ID` varchar(40) DEFAULT NULL,
  `region` varchar(45) DEFAULT NULL,
  `aws_user_id` varchar(100) DEFAULT NULL,
  `access_key_id` varchar(100) NOT NULL,
  `secret_key` varchar(200) NOT NULL,
  `bucket_name` varchar(50) DEFAULT NULL COMMENT 'Aws bucket_name',
  `aws_arn` varchar(200) DEFAULT NULL,
  KEY `FK_Relationship_43` (`ACCOUNT_ID`),
  CONSTRAINT `FK_Relationship_43` FOREIGN KEY (`ACCOUNT_ID`) REFERENCES `ctd_account` (`ACCOUNT_ID`)
) ENGINE=InnoDB DEFAULT CHARSET=utf8;
/*!40101 SET character_set_client = @saved_cs_client */;

--
-- Dumping data for table `ctd_aws_account`
--

LOCK TABLES `ctd_aws_account` WRITE;
/*!40000 ALTER TABLE `ctd_aws_account` DISABLE KEYS */;
INSERT INTO `ctd_aws_account` VALUES (NULL,'ef','sef','sdf','sdf','sdf','sdf');
/*!40000 ALTER TABLE `ctd_aws_account` ENABLE KEYS */;
UNLOCK TABLES;

--
-- Table structure for table `ctd_cloud_type`
--

DROP TABLE IF EXISTS `ctd_cloud_type`;
/*!40101 SET @saved_cs_client     = @@character_set_client */;
/*!40101 SET character_set_client = utf8 */;
CREATE TABLE `ctd_cloud_type` (
  `CLOUD_ID` varchar(40) NOT NULL COMMENT '‰∫ëÊèê‰æõÂïÜID',
  `CLOUD_NAME` varchar(80) DEFAULT NULL COMMENT '‰∫ëÊèê‰æõÂïÜÂêçÁß∞',
  `STATUS` int(11) DEFAULT NULL COMMENT 'Áä∂ÊÄÅ',
  `URL` varchar(200) DEFAULT NULL COMMENT 'ÂÆòÁΩëÈìæÊé•',
  `ORDERS` int(11) DEFAULT NULL COMMENT 'ËÆ¢ÂçïÁä∂ÊÄÅ',
  `DESCRIPTION` varchar(2000) DEFAULT NULL COMMENT 'ÊèèËø∞',
  `DATA_STATE` int(11) DEFAULT NULL COMMENT 'Êï∞ÊçÆÁä∂ÊÄÅÔºö0-Âà†Èô§ 1-Ê≠£Â∏∏',
  PRIMARY KEY (`CLOUD_ID`)
) ENGINE=InnoDB DEFAULT CHARSET=utf8;
/*!40101 SET character_set_client = @saved_cs_client */;

--
-- Dumping data for table `ctd_cloud_type`
--

LOCK TABLES `ctd_cloud_type` WRITE;
/*!40000 ALTER TABLE `ctd_cloud_type` DISABLE KEYS */;
INSERT INTO `ctd_cloud_type` VALUES ('1000','AWS',1,'http://www.amazonaws.cn',1,NULL,1),('2000','ÈòøÈáå‰∫ë',1,'http://www.aliyun.com',2,NULL,1);
/*!40000 ALTER TABLE `ctd_cloud_type` ENABLE KEYS */;
UNLOCK TABLES;

--
-- Table structure for table `ctd_cost_tag`
--

DROP TABLE IF EXISTS `ctd_cost_tag`;
/*!40101 SET @saved_cs_client     = @@character_set_client */;
/*!40101 SET character_set_client = utf8 */;
CREATE TABLE `ctd_cost_tag` (
  `TAG_ID` varchar(40) NOT NULL COMMENT 'Ê†áÁ≠æID',
  `PAY_ACCOUNT_ID` varchar(40) DEFAULT NULL COMMENT '‰ªòË¥πË¥¶Êà∑ID',
  `CLOUD_ID` varchar(40) NOT NULL COMMENT '‰∫ëÊèê‰æõÂïÜID',
  `TAG_NAME` varchar(200) DEFAULT NULL COMMENT 'Ê†áÁ≠æÂêçÁß∞',
  `TAG_VALUE` varchar(2000) DEFAULT NULL COMMENT 'Ê†áÁ≠æÂÄº',
  `TAG_ORDER` int(11) DEFAULT NULL COMMENT 'Ê†áÁ≠æÈ°∫Â∫è',
  `DATA_STATE` int(11) DEFAULT NULL COMMENT 'Êï∞ÊçÆÁä∂ÊÄÅÔºö0-Âà†Èô§ 1-Ê≠£Â∏∏',
  PRIMARY KEY (`TAG_ID`)
) ENGINE=InnoDB DEFAULT CHARSET=utf8;
/*!40101 SET character_set_client = @saved_cs_client */;

--
-- Dumping data for table `ctd_cost_tag`
--

LOCK TABLES `ctd_cost_tag` WRITE;
/*!40000 ALTER TABLE `ctd_cost_tag` DISABLE KEYS */;
/*!40000 ALTER TABLE `ctd_cost_tag` ENABLE KEYS */;
UNLOCK TABLES;

--
-- Table structure for table `ctd_download_invoice_log`
--

DROP TABLE IF EXISTS `ctd_download_invoice_log`;
/*!40101 SET @saved_cs_client     = @@character_set_client */;
/*!40101 SET character_set_client = utf8 */;
CREATE TABLE `ctd_download_invoice_log` (
  `LOG_ID` varchar(40) NOT NULL COMMENT 'Êó•ÂøóID',
  `ACCOUNT_ID` varchar(32) NOT NULL COMMENT 'Ë¥¶Êà∑ID',
  `USER_ID` varchar(40) DEFAULT '' COMMENT 'Áî®Êà∑ID',
  `REQUEST_TYPE` varchar(40) DEFAULT NULL COMMENT 'ËØ∑Ê±ÇÁ±ªÂûã',
  `syn_id` varchar(32) NOT NULL COMMENT 'ÂêåÊ≠•ID',
  `SYNC_MONTH` varchar(10) DEFAULT NULL COMMENT 'ÂêåÊ≠•Êúà‰ªΩ',
  `REQUEST_CONTENT` varchar(2000) DEFAULT NULL COMMENT 'ËØ∑Ê±ÇÂÜÖÂÆπ',
  `DEAL_FLAG` int(11) DEFAULT NULL COMMENT 'Â§ÑÁêÜÊ†áÂøó',
  `SYNC_TIME` timestamp NULL DEFAULT NULL COMMENT 'ÂêåÊ≠•Êó∂Èó¥',
  PRIMARY KEY (`LOG_ID`)
) ENGINE=InnoDB DEFAULT CHARSET=utf8;
/*!40101 SET character_set_client = @saved_cs_client */;

--
-- Dumping data for table `ctd_download_invoice_log`
--

LOCK TABLES `ctd_download_invoice_log` WRITE;
/*!40000 ALTER TABLE `ctd_download_invoice_log` DISABLE KEYS */;
/*!40000 ALTER TABLE `ctd_download_invoice_log` ENABLE KEYS */;
UNLOCK TABLES;

--
-- Table structure for table `ctd_invoice_account_desc`
--

DROP TABLE IF EXISTS `ctd_invoice_account_desc`;
/*!40101 SET @saved_cs_client     = @@character_set_client */;
/*!40101 SET character_set_client = utf8 */;
CREATE TABLE `ctd_invoice_account_desc` (
  `invoice_account_id` varchar(32) NOT NULL COMMENT 'ÂèëÁ•®Ë¥¶Êà∑ID',
  `aws_account_id` varchar(45) NOT NULL COMMENT 'AWSË¥¶Êà∑ID',
  `aws_account_name` varchar(45) DEFAULT NULL COMMENT 'AWSË¥¶Êà∑ÂêçÁß∞',
  `update_time` date DEFAULT NULL COMMENT '‰øÆÊîπÊó∂Èó¥',
  `total_cost` decimal(16,6) DEFAULT NULL COMMENT 'ÊÄªËä±Ë¥π',
  `payer_account_id` varchar(40) DEFAULT NULL COMMENT '‰ªòË¥π‰∏ªË¥¶Êà∑ID',
  `month` varchar(40) DEFAULT NULL COMMENT 'Âá∫Ë¥¶Êúà‰ªΩ',
  `support_cost` decimal(16,6) DEFAULT NULL COMMENT 'ÊîØÊåÅË¥πÁî®',
  PRIMARY KEY (`invoice_account_id`)
) ENGINE=InnoDB DEFAULT CHARSET=utf8;
/*!40101 SET character_set_client = @saved_cs_client */;

--
-- Dumping data for table `ctd_invoice_account_desc`
--

LOCK TABLES `ctd_invoice_account_desc` WRITE;
/*!40000 ALTER TABLE `ctd_invoice_account_desc` DISABLE KEYS */;
/*!40000 ALTER TABLE `ctd_invoice_account_desc` ENABLE KEYS */;
UNLOCK TABLES;

--
-- Table structure for table `ctd_invoice_detail`
--

DROP TABLE IF EXISTS `ctd_invoice_detail`;
/*!40101 SET @saved_cs_client     = @@character_set_client */;
/*!40101 SET character_set_client = utf8 */;
CREATE TABLE `ctd_invoice_detail` (
  `invoice_id` int(32) NOT NULL AUTO_INCREMENT COMMENT 'Âá∫Ë¥¶ID',
  `payer_account_id` varchar(12) DEFAULT NULL COMMENT '‰∏ªË¥¶Êà∑ID',
  `linked_account_id` varchar(12) DEFAULT NULL COMMENT 'ÈìæÊé•Ë¥¶Êà∑ID',
  `record_type` varchar(20) DEFAULT NULL COMMENT 'ËÆ∞ÂΩïÁ±ªÂûã',
  `invoice_day` int(11) DEFAULT NULL COMMENT 'Âá∫Ë¥¶Êó•Êúü',
  `subscription_id` varchar(45) DEFAULT NULL COMMENT 'ËÆ¢ÈòÖID',
  `product_name` varchar(40) DEFAULT NULL COMMENT '‰∫ßÂìÅÂêçÁß∞',
  `usage_type` varchar(45) DEFAULT NULL COMMENT '‰ΩøÁî®Á±ªÂûã',
  `operation` varchar(40) DEFAULT NULL COMMENT 'Êìç‰Ωú',
  `reserved_instance` varchar(1) DEFAULT NULL COMMENT 'È¢ÑÁïôÊ†áÂøó',
  `item_description` varchar(250) DEFAULT NULL COMMENT 'Ê†èÁõÆÂêçÁß∞',
  `tag_name` varchar(300) DEFAULT NULL COMMENT 'Ê†áÁ≠æÂêçÁß∞',
  `tag_value` varchar(300) DEFAULT NULL COMMENT 'Ê†áÁ≠æÂÄº',
  `tax_amount` float DEFAULT NULL COMMENT 'Á®éÈ¢ù',
  `total_cost` float DEFAULT NULL COMMENT 'ÊÄªÈáëÈ¢ù',
  `resource_id` varchar(255) DEFAULT NULL COMMENT 'ËµÑÊ∫êID',
  `usage_quantity` float DEFAULT NULL COMMENT '‰ΩøÁî®Èáè',
  `update_time` date DEFAULT NULL COMMENT '‰øÆÊîπÊó∂Èó¥',
  `AZ` varchar(40) DEFAULT NULL COMMENT 'ÂèØÁî®Âå∫',
  `platform` varchar(80) DEFAULT NULL COMMENT 'Âπ≥Âè∞',
  `ri_id` varchar(80) DEFAULT NULL COMMENT 'È¢ÑÁïôÂÆû‰æãID',
  PRIMARY KEY (`invoice_id`),
  KEY `invoice_detail_index` (`payer_account_id`,`invoice_day`)
) ENGINE=InnoDB DEFAULT CHARSET=utf8;
/*!40101 SET character_set_client = @saved_cs_client */;

--
-- Dumping data for table `ctd_invoice_detail`
--

LOCK TABLES `ctd_invoice_detail` WRITE;
/*!40000 ALTER TABLE `ctd_invoice_detail` DISABLE KEYS */;
/*!40000 ALTER TABLE `ctd_invoice_detail` ENABLE KEYS */;
UNLOCK TABLES;

--
-- Table structure for table `ctd_invoice_detail_adjust_filter`
--

DROP TABLE IF EXISTS `ctd_invoice_detail_adjust_filter`;
/*!40101 SET @saved_cs_client     = @@character_set_client */;
/*!40101 SET character_set_client = utf8 */;
CREATE TABLE `ctd_invoice_detail_adjust_filter` (
  `adjust_id` varchar(32) NOT NULL COMMENT 'Ë∞ÉË¥¶iD',
  `user_id` varchar(45) NOT NULL COMMENT 'Áî®Êà∑ID',
  `account_id` varchar(45) NOT NULL COMMENT 'Ë¥¶Êà∑ID',
  `bucket_name` varchar(255) DEFAULT NULL COMMENT 'BucketÊ°∂Âêç',
  `payer_account_id` varchar(45) DEFAULT NULL COMMENT '‰∏ªË¥¶Êà∑ID',
  `invoice_month` int(11) DEFAULT NULL COMMENT 'Ë¥¶ÂçïÊúà‰ªΩ',
  `adjust_resource_id` varchar(200) DEFAULT NULL COMMENT 'Ë∞ÉË¥¶ËµÑÊ∫êID',
  `adjust_resource_type` varchar(45) DEFAULT NULL COMMENT 'Ë∞ÉË¥¶ËµÑÊ∫êÁ±ªÂûã',
  `adjust_start_time` varchar(30) DEFAULT NULL COMMENT 'Ë∞ÉË¥¶Ëµ∑ÂßãÊó∂Èó¥',
  `adjust_end_time` varchar(30) DEFAULT NULL COMMENT 'Ë∞ÉË¥¶ÁªìÊùüÊó∂Èó¥',
  `adjust_tag` varchar(50) DEFAULT NULL COMMENT 'Ë∞ÉË¥¶Ê†áÁ≠æ',
  `adjust_resvered` varchar(45) DEFAULT NULL COMMENT 'Ë∞ÉË¥¶È¢ÑÁïô',
  `adjust_exchange_id` varchar(50) DEFAULT NULL,
  `adjust_money` varchar(50) DEFAULT NULL COMMENT 'Ë∞ÉË¥¶ÈáëÈ¢ù',
  `adjust_time` varchar(30) DEFAULT NULL COMMENT 'Ë∞ÉË¥¶Êó∂Èó¥',
  PRIMARY KEY (`adjust_id`)
) ENGINE=InnoDB DEFAULT CHARSET=utf8 COMMENT='Ë¥¶ÂçïÊï∞ÊçÆÂü∫Êú¨Êéß‰ª∂Ë°®ÔºåÊ†πÊçÆÁî®Êà∑ÔºåÁî®Êà∑ÁªëÂÆöÁöÑË¥¶Êà∑ÔºåBucketNameÔºåÊó∂Èó¥Âå∫Èó¥Â±ïÁé∞‰∏çÂêåÁöÑÊï∞ÊçÆÈõÜÂêà';
/*!40101 SET character_set_client = @saved_cs_client */;

--
-- Dumping data for table `ctd_invoice_detail_adjust_filter`
--

LOCK TABLES `ctd_invoice_detail_adjust_filter` WRITE;
/*!40000 ALTER TABLE `ctd_invoice_detail_adjust_filter` DISABLE KEYS */;
/*!40000 ALTER TABLE `ctd_invoice_detail_adjust_filter` ENABLE KEYS */;
UNLOCK TABLES;

--
-- Table structure for table `ctd_invoice_detail_adjust_log`
--

DROP TABLE IF EXISTS `ctd_invoice_detail_adjust_log`;
/*!40101 SET @saved_cs_client     = @@character_set_client */;
/*!40101 SET character_set_client = utf8 */;
CREATE TABLE `ctd_invoice_detail_adjust_log` (
  `adjust_log_id` varchar(32) NOT NULL,
  `user_id` varchar(45) NOT NULL COMMENT 'Áî®Êà∑ID',
  `account_id` varchar(45) NOT NULL COMMENT 'Ë¥¶Êà∑ID',
  `bucket_name` varchar(255) DEFAULT NULL COMMENT 'Ë¥¶ÂçïÂ≠òÂÇ®Ê°∂S3ÁöÑBucketÂêçÁß∞',
  `payer_account_id` varchar(45) DEFAULT NULL COMMENT 'ÂΩìÊúàÂºÄÂßãÊó∂Èó¥',
  `invoice_month` int(11) DEFAULT NULL COMMENT 'Ë¥¶ÂçïÊúà‰ªΩ',
  `adjust_resource_id` varchar(200) DEFAULT NULL,
  `adjust_resource_type` varchar(45) DEFAULT NULL,
  `adjust_start_time` varchar(30) DEFAULT NULL,
  `adjust_end_time` varchar(30) DEFAULT NULL,
  `adjust_tag` varchar(50) DEFAULT NULL,
  `adjust_resvered` varchar(45) DEFAULT NULL,
  `adjust_exchange_id` varchar(50) DEFAULT NULL,
  `adjust_money` varchar(50) DEFAULT NULL,
  `adjust_time` varchar(30) DEFAULT NULL,
  `adjust_result_id` varchar(45) DEFAULT NULL,
  `adjust_remark` varchar(500) DEFAULT NULL,
  PRIMARY KEY (`adjust_log_id`)
) ENGINE=InnoDB DEFAULT CHARSET=utf8 COMMENT='Ë¥¶ÂçïÊï∞ÊçÆÂü∫Êú¨Êéß‰ª∂Ë°®ÔºåÊ†πÊçÆÁî®Êà∑ÔºåÁî®Êà∑ÁªëÂÆöÁöÑË¥¶Êà∑ÔºåBucketNameÔºåÊó∂Èó¥Âå∫Èó¥Â±ïÁé∞‰∏çÂêåÁöÑÊï∞ÊçÆÈõÜÂêà';
/*!40101 SET character_set_client = @saved_cs_client */;

--
-- Dumping data for table `ctd_invoice_detail_adjust_log`
--

LOCK TABLES `ctd_invoice_detail_adjust_log` WRITE;
/*!40000 ALTER TABLE `ctd_invoice_detail_adjust_log` DISABLE KEYS */;
/*!40000 ALTER TABLE `ctd_invoice_detail_adjust_log` ENABLE KEYS */;
UNLOCK TABLES;

--
-- Table structure for table `ctd_invoice_detail_adjust_reserved`
--

DROP TABLE IF EXISTS `ctd_invoice_detail_adjust_reserved`;
/*!40101 SET @saved_cs_client     = @@character_set_client */;
/*!40101 SET character_set_client = utf8 */;
CREATE TABLE `ctd_invoice_detail_adjust_reserved` (
  `adjust_id` varchar(32) NOT NULL,
  `user_id` varchar(45) NOT NULL COMMENT 'Áî®Êà∑ID',
  `account_id` varchar(45) NOT NULL COMMENT 'Ë¥¶Êà∑ID',
  `bucket_name` varchar(255) DEFAULT NULL COMMENT 'Ë¥¶ÂçïÂ≠òÂÇ®Ê°∂S3ÁöÑBucketÂêçÁß∞',
  `payer_account_id` varchar(45) DEFAULT NULL COMMENT 'ÂΩìÊúàÂºÄÂßãÊó∂Èó¥',
  `invoice_month` int(11) DEFAULT NULL COMMENT 'Ë¥¶ÂçïÊúà‰ªΩ',
  `adjust_reserved_instance_id` varchar(200) DEFAULT NULL,
  `adjust_tag` varchar(50) DEFAULT NULL,
  `adjust_time` varchar(30) DEFAULT NULL,
  `product_type` varchar(45) DEFAULT NULL,
  `instance_region` varchar(45) DEFAULT NULL,
  `availability_zone` varchar(50) DEFAULT NULL,
  `instance_type` varchar(50) DEFAULT NULL,
  `plantform_type` varchar(50) DEFAULT NULL,
  `start_time` varchar(50) DEFAULT NULL,
  `duration_year` varchar(50) DEFAULT NULL,
  `offering_price` varchar(50) DEFAULT NULL,
  `recharge_price` varchar(50) DEFAULT NULL,
  `offering_type` varchar(50) DEFAULT NULL,
  `instance_count` varchar(50) DEFAULT NULL,
  `end_time` varchar(50) DEFAULT NULL,
  `is_mutizone` varchar(10) DEFAULT NULL,
  PRIMARY KEY (`adjust_id`)
) ENGINE=InnoDB DEFAULT CHARSET=utf8 COMMENT='Ë¥¶ÂçïÊï∞ÊçÆÂü∫Êú¨Êéß‰ª∂Ë°®ÔºåÊ†πÊçÆÁî®Êà∑ÔºåÁî®Êà∑ÁªëÂÆöÁöÑË¥¶Êà∑ÔºåBucketNameÔºåÊó∂Èó¥Âå∫Èó¥Â±ïÁé∞‰∏çÂêåÁöÑÊï∞ÊçÆÈõÜÂêà';
/*!40101 SET character_set_client = @saved_cs_client */;

--
-- Dumping data for table `ctd_invoice_detail_adjust_reserved`
--

LOCK TABLES `ctd_invoice_detail_adjust_reserved` WRITE;
/*!40000 ALTER TABLE `ctd_invoice_detail_adjust_reserved` DISABLE KEYS */;
/*!40000 ALTER TABLE `ctd_invoice_detail_adjust_reserved` ENABLE KEYS */;
UNLOCK TABLES;

--
-- Table structure for table `ctd_invoice_detail_adjust_result`
--

DROP TABLE IF EXISTS `ctd_invoice_detail_adjust_result`;
/*!40101 SET @saved_cs_client     = @@character_set_client */;
/*!40101 SET character_set_client = utf8 */;
CREATE TABLE `ctd_invoice_detail_adjust_result` (
  `adjust_id` varchar(32) NOT NULL,
  `user_id` varchar(45) NOT NULL COMMENT 'Áî®Êà∑ID',
  `account_id` varchar(45) NOT NULL COMMENT 'Ë¥¶Êà∑ID',
  `bucket_name` varchar(255) DEFAULT NULL COMMENT 'Ë¥¶ÂçïÂ≠òÂÇ®Ê°∂S3ÁöÑBucketÂêçÁß∞',
  `payer_account_id` varchar(45) DEFAULT NULL COMMENT 'ÂΩìÊúàÂºÄÂßãÊó∂Èó¥',
  `invoice_month` int(11) DEFAULT NULL COMMENT 'Ë¥¶ÂçïÊúà‰ªΩ',
  `adjust_result` text,
  `adjust_time` varchar(30) DEFAULT NULL,
  `adjust_title` varchar(50) DEFAULT NULL,
  `bill_time` varchar(30) DEFAULT NULL,
  `tag_name` varchar(40) DEFAULT NULL COMMENT 'Ë∞ÉË¥¶Áª¥Â∫¶',
  PRIMARY KEY (`adjust_id`)
) ENGINE=InnoDB DEFAULT CHARSET=utf8 COMMENT='Ë¥¶ÂçïÊï∞ÊçÆÂü∫Êú¨Êéß‰ª∂Ë°®ÔºåÊ†πÊçÆÁî®Êà∑ÔºåÁî®Êà∑ÁªëÂÆöÁöÑË¥¶Êà∑ÔºåBucketNameÔºåÊó∂Èó¥Âå∫Èó¥Â±ïÁé∞‰∏çÂêåÁöÑÊï∞ÊçÆÈõÜÂêà';
/*!40101 SET character_set_client = @saved_cs_client */;

--
-- Dumping data for table `ctd_invoice_detail_adjust_result`
--

LOCK TABLES `ctd_invoice_detail_adjust_result` WRITE;
/*!40000 ALTER TABLE `ctd_invoice_detail_adjust_result` DISABLE KEYS */;
/*!40000 ALTER TABLE `ctd_invoice_detail_adjust_result` ENABLE KEYS */;
UNLOCK TABLES;

--
-- Table structure for table `ctd_invoice_detail_desc`
--

DROP TABLE IF EXISTS `ctd_invoice_detail_desc`;
/*!40101 SET @saved_cs_client     = @@character_set_client */;
/*!40101 SET character_set_client = utf8 */;
CREATE TABLE `ctd_invoice_detail_desc` (
  `id` varchar(32) NOT NULL COMMENT 'ID',
  `payer_account_id` varchar(45) NOT NULL COMMENT '‰∏ªË¥¶Êà∑ID',
  `month` int(11) NOT NULL COMMENT 'Êúà‰ªΩ',
  `sync_time` varchar(60) DEFAULT NULL COMMENT 'ÂêåÊ≠•Êó∂Èó¥',
  `tag_title` varchar(50) DEFAULT '3' COMMENT 'Ê†áÁ≠æÂ§¥',
  `tag_column` varchar(50) DEFAULT NULL COMMENT 'Ê†áÁ≠æÂàó',
  `bill_time` varchar(30) DEFAULT NULL COMMENT 'Ë¥¶ÂçïÊó∂Èó¥',
  PRIMARY KEY (`id`)
) ENGINE=InnoDB DEFAULT CHARSET=utf8;
/*!40101 SET character_set_client = @saved_cs_client */;

--
-- Dumping data for table `ctd_invoice_detail_desc`
--

LOCK TABLES `ctd_invoice_detail_desc` WRITE;
/*!40000 ALTER TABLE `ctd_invoice_detail_desc` DISABLE KEYS */;
/*!40000 ALTER TABLE `ctd_invoice_detail_desc` ENABLE KEYS */;
UNLOCK TABLES;

--
-- Table structure for table `ctd_invoice_detail_reserved`
--

DROP TABLE IF EXISTS `ctd_invoice_detail_reserved`;
/*!40101 SET @saved_cs_client     = @@character_set_client */;
/*!40101 SET character_set_client = utf8 */;
CREATE TABLE `ctd_invoice_detail_reserved` (
  `reserved_desc_id` varchar(45) NOT NULL,
  `payer_account_id` varchar(45) NOT NULL COMMENT '‰∏ªË¥¶Êà∑ID',
  `invoice_month` int(11) NOT NULL COMMENT 'Ë¥¶ÂçïÊúà‰ªΩ',
  `reserved_instance_id` varchar(45) DEFAULT NULL,
  `product_type` varchar(45) DEFAULT NULL COMMENT '‰∫ßÂìÅÁ±ªÂûã',
  `instance_region` varchar(45) DEFAULT NULL COMMENT 'ÊâÄÂ±ûÂå∫Âüü',
  `availability_zone` varchar(50) DEFAULT NULL COMMENT 'ÂèØÁî®Âå∫',
  `instance_type` varchar(50) DEFAULT NULL COMMENT 'ÂÆû‰æãÁ±ªÂûã',
  `plantform_type` varchar(50) DEFAULT NULL COMMENT 'Âπ≥Âè∞Á±ªÂûã',
  `start_time` varchar(50) DEFAULT NULL COMMENT 'ÂºÄÂßãÊó∂Èó¥',
  `duration_year` varchar(50) DEFAULT NULL COMMENT 'È¢ÑÁïôÂπ¥‰ªΩ',
  `offering_price` varchar(50) DEFAULT NULL COMMENT '‰ºòÊÉ†‰ª∑Ê†º',
  `recharge_price` varchar(50) DEFAULT NULL COMMENT 'Áª≠‰ª∑',
  `offering_type` varchar(50) DEFAULT NULL COMMENT '‰ºòÊÉ†Á±ªÂûã',
  `instance_count` varchar(50) DEFAULT NULL,
  `end_time` varchar(50) DEFAULT NULL COMMENT 'ÁªìÊùüÊó∂Èó¥',
  `is_mutizone` varchar(10) DEFAULT NULL COMMENT 'Â§öÂå∫Ê†áÂøó',
  PRIMARY KEY (`reserved_desc_id`)
) ENGINE=InnoDB DEFAULT CHARSET=utf8 COMMENT='Ë¥¶ÂçïÊï∞ÊçÆÂü∫Êú¨Êéß‰ª∂Ë°®ÔºåÊ†πÊçÆÁî®Êà∑ÔºåÁî®Êà∑ÁªëÂÆöÁöÑË¥¶Êà∑ÔºåBucketNameÔºåÊó∂Èó¥Âå∫Èó¥Â±ïÁé∞‰∏çÂêåÁöÑÊï∞ÊçÆÈõÜÂêà';
/*!40101 SET character_set_client = @saved_cs_client */;

--
-- Dumping data for table `ctd_invoice_detail_reserved`
--

LOCK TABLES `ctd_invoice_detail_reserved` WRITE;
/*!40000 ALTER TABLE `ctd_invoice_detail_reserved` DISABLE KEYS */;
/*!40000 ALTER TABLE `ctd_invoice_detail_reserved` ENABLE KEYS */;
UNLOCK TABLES;

--
-- Table structure for table `ctd_month_cost_stat`
--

DROP TABLE IF EXISTS `ctd_month_cost_stat`;
/*!40101 SET @saved_cs_client     = @@character_set_client */;
/*!40101 SET character_set_client = utf8 */;
CREATE TABLE `ctd_month_cost_stat` (
  `STAT_ID` varchar(40) NOT NULL COMMENT 'ÊúàÊÄªËä±Ë¥πÁªüËÆ°ID',
  `PAY_ACCOUNT_ID` varchar(40) DEFAULT NULL COMMENT '‰ªòË¥πË¥¶Êà∑ID',
  `CLOUD_ID` varchar(40) NOT NULL COMMENT '‰∫ëÊèê‰æõÂïÜID',
  `STAT_MONTH` varchar(10) DEFAULT NULL COMMENT 'Á≤æÁ°ÆÂà∞Êúà‰ªΩ',
  `THIS_MONTH_COST` decimal(16,6) DEFAULT NULL COMMENT 'Êú¨ÊúàÂÆûÈôÖËä±Ë¥π',
  `THIS_MONTH_EXPECT_COST` decimal(16,6) DEFAULT NULL COMMENT 'Êú¨ÊúàÈ¢ÑËÆ°Ëä±Ë¥π',
  `LAST_MONTH_COST` decimal(16,6) DEFAULT NULL COMMENT '‰∏äÊúàÊÄªËä±Ë¥π',
  `AVERAGE_COST_3` decimal(16,6) DEFAULT NULL COMMENT 'Ââç‰∏âÊúàÊúàÂùáËä±Ë¥π',
  `DATA_STATE` int(11) DEFAULT NULL COMMENT 'Êï∞ÊçÆÁä∂ÊÄÅÔºö0-Âà†Èô§ 1-Ê≠£Â∏∏',
  `LINKED_ACCOUNT_ID` varchar(40) DEFAULT NULL COMMENT 'ÂÖ≥ËÅîË¥¶Êà∑ID',
  `MONTH_DEDUCTED_COST` decimal(16,6) DEFAULT NULL COMMENT 'ÊäµÊâ£Ëä±Ë¥π',
  PRIMARY KEY (`STAT_ID`)
) ENGINE=InnoDB DEFAULT CHARSET=utf8;
/*!40101 SET character_set_client = @saved_cs_client */;

--
-- Dumping data for table `ctd_month_cost_stat`
--

LOCK TABLES `ctd_month_cost_stat` WRITE;
/*!40000 ALTER TABLE `ctd_month_cost_stat` DISABLE KEYS */;
/*!40000 ALTER TABLE `ctd_month_cost_stat` ENABLE KEYS */;
UNLOCK TABLES;

--
-- Table structure for table `ctd_service_def`
--

DROP TABLE IF EXISTS `ctd_service_def`;
/*!40101 SET @saved_cs_client     = @@character_set_client */;
/*!40101 SET character_set_client = utf8 */;
CREATE TABLE `ctd_service_def` (
  `SERVICE_ID` varchar(40) NOT NULL COMMENT 'ÊúçÂä°ID',
  `CLOUD_ID` varchar(40) DEFAULT NULL COMMENT '‰∫ëÊèê‰æõÂïÜID',
  `SERVICE_NAME` varchar(80) DEFAULT NULL COMMENT 'ÊúçÂä°ÂêçÁß∞',
  `STATUS` int(11) DEFAULT NULL COMMENT 'Áä∂ÊÄÅ',
  `PRICE_INTRO_URL` varchar(200) DEFAULT NULL COMMENT 'ÂÆö‰ª∑ÂçïÈìæÊé•',
  `ORDERS` int(11) DEFAULT NULL COMMENT 'ËÆ¢ÂçïÈ¢ù',
  `DESCRIPTION` varchar(2000) DEFAULT NULL COMMENT 'ÊèèËø∞',
  `DATA_STATE` int(11) DEFAULT NULL COMMENT 'Êï∞ÊçÆÁä∂ÊÄÅ',
  `SERVICE_CODE` varchar(40) DEFAULT NULL COMMENT 'ÊúçÂä°ÁºñÁ†Å',
  PRIMARY KEY (`SERVICE_ID`),
  KEY `FK_Relationship_1` (`CLOUD_ID`),
  CONSTRAINT `FK_Relationship_1` FOREIGN KEY (`CLOUD_ID`) REFERENCES `ctd_cloud_type` (`CLOUD_ID`)
) ENGINE=InnoDB DEFAULT CHARSET=utf8;
/*!40101 SET character_set_client = @saved_cs_client */;

--
-- Dumping data for table `ctd_service_def`
--

LOCK TABLES `ctd_service_def` WRITE;
/*!40000 ALTER TABLE `ctd_service_def` DISABLE KEYS */;
INSERT INTO `ctd_service_def` VALUES ('1001','1000','EC2(ÊúçÂä°Âô®ÂÆû‰æã)',1,'http://aws.amazon.com/cn/ec2/pricing/',1,NULL,1,'Amazon Elastic Compute Cloud'),('1002','1000','EBS(Â≠òÂÇ®)',1,'http://aws.amazon.com/cn/ebs/pricing/',2,NULL,0,NULL),('1003','1000','S3(Â≠òÂÇ®)',1,'http://aws.amazon.com/cn/s3/pricing/',3,NULL,1,'Amazon Simple Storage Service'),('1004','1000','RDS(ÂÖ≥Á≥ªÂûãÊï∞ÊçÆÂ∫ì)',1,'http://aws.amazon.com/cn/rds/pricing/',4,NULL,1,'Amazon RDS Service'),('1007','1000','ÂºπÊÄßIP',1,'http://aws.amazon.com/cn/ec2/pricing/',7,NULL,0,NULL),('1008','1000','Ë¥üËΩΩÂùáË°°',1,'http://aws.amazon.com/cn/ec2/pricing/',8,'elb',0,NULL),('1009','1000','CloudFront',1,NULL,9,NULL,1,'Amazon CloudFront'),('1010','1000','Route 53',1,NULL,10,NULL,1,'Amazon Route 53'),('1011','1000','WAF',1,NULL,11,NULL,1,'AWS WAF'),('1012','1000','Data Pipeline',1,NULL,12,NULL,1,'AWS Data Pipeline'),('1013','1000','DynamoDB',1,NULL,13,NULL,1,'Amazon DynamoDB'),('1014','1000','Redshift',1,NULL,14,NULL,1,'Amazon Redshift'),('1015','1000','Simple Queue Service',1,NULL,15,NULL,1,'Amazon Simple Queue Service'),('1016','1000','Key Management Service',1,NULL,16,NULL,1,'AWS Key Management Service'),('1017','1000','Simple Notification Service',1,NULL,17,NULL,1,'Amazon Simple Notification Service'),('1018','1000','ElastiCache',1,NULL,18,NULL,1,'Amazon ElasticCache'),('2001','2000','ECS(ÊúçÂä°Âô®ÂÆû‰æã)',1,'http://help.aliyun.com/document_detail/ecs/shopping-guide/buy-instance/price.html',1,NULL,1,NULL),('2002','2000','Á£ÅÁõò',1,'http://help.aliyun.com/document_detail/ecs/shopping-guide/buy-disk/price.html',2,NULL,1,NULL),('2003','2000','OSS(Â≠òÂÇ®)',1,'http://help.aliyun.com/knowledge_detail/5974488.html',3,NULL,1,NULL),('2004','2000','ÁΩëÁªú',1,'http://help.aliyun.com/document_detail/ecs/shopping-guide/buy-network/price.html',4,'aliyun\'s networking, ÁΩëÁªú',1,NULL),('2005','2000','RDS(ÂÖ≥Á≥ªÂûãÊï∞ÊçÆÂ∫ì)',1,'http://help.aliyun.com/knowledge_detail/5975111.html',5,NULL,1,NULL),('2006','2000','CDN(ÂÜÖÂÆπÂàÜÂèëÁΩëÁªú)',1,'http://help.aliyun.com/knowledge_detail/5975217.html',6,NULL,1,NULL),('2007','2000','OCS(Âú®Á∫øÁºìÂ≠òÊúçÂä°)',1,'http://help.aliyun.com/knowledge_detail/5974155.html',7,NULL,1,NULL);
/*!40000 ALTER TABLE `ctd_service_def` ENABLE KEYS */;
UNLOCK TABLES;

--
-- Table structure for table `ctd_tag_day_cost_stat`
--

DROP TABLE IF EXISTS `ctd_tag_day_cost_stat`;
/*!40101 SET @saved_cs_client     = @@character_set_client */;
/*!40101 SET character_set_client = utf8 */;
CREATE TABLE `ctd_tag_day_cost_stat` (
  `STAT_ID` varchar(40) NOT NULL COMMENT 'Ê†áÁ≠æÁªüËÆ°ID',
  `PAY_ACCOUNT_ID` varchar(40) DEFAULT NULL COMMENT '‰ªòË¥πË¥¶Êà∑ID',
  `CLOUD_ID` varchar(40) NOT NULL COMMENT '‰∫ëÊèê‰æõÂïÜID',
  `STAT_DATE` varchar(10) DEFAULT NULL COMMENT 'ÁªüËÆ°Êó•ÊúüÔºåÁ≤æÁ°ÆÂà∞Êó•',
  `TAG_NAME` varchar(80) DEFAULT NULL COMMENT 'Ê†áÁ≠æÂêçÁß∞',
  `TAG_VALUE` varchar(80) DEFAULT NULL COMMENT 'Ê†áÁ≠æÂÄº',
  `DAY_COST` decimal(16,6) DEFAULT NULL COMMENT 'Êó•Ëä±Ë¥π',
  `DATA_STATE` int(11) DEFAULT NULL COMMENT 'Êï∞ÊçÆÁä∂ÊÄÅ',
  `LINKED_ACCOUNT_ID` varchar(40) DEFAULT NULL COMMENT 'ÂÖ≥ËÅîË¥¶Êà∑ID',
  PRIMARY KEY (`STAT_ID`)
) ENGINE=InnoDB DEFAULT CHARSET=utf8;
/*!40101 SET character_set_client = @saved_cs_client */;

--
-- Dumping data for table `ctd_tag_day_cost_stat`
--

LOCK TABLES `ctd_tag_day_cost_stat` WRITE;
/*!40000 ALTER TABLE `ctd_tag_day_cost_stat` DISABLE KEYS */;
/*!40000 ALTER TABLE `ctd_tag_day_cost_stat` ENABLE KEYS */;
UNLOCK TABLES;

--
-- Table structure for table `schedule_job`
--

DROP TABLE IF EXISTS `schedule_job`;
/*!40101 SET @saved_cs_client     = @@character_set_client */;
/*!40101 SET character_set_client = utf8 */;
CREATE TABLE `schedule_job` (
  `job_id` bigint(20) NOT NULL AUTO_INCREMENT COMMENT '‰ªªÂä°id',
  `bean_name` varchar(200) DEFAULT NULL COMMENT 'spring beanÂêçÁß∞',
  `method_name` varchar(100) DEFAULT NULL COMMENT 'ÊñπÊ≥ïÂêç',
  `params` varchar(2000) DEFAULT NULL COMMENT 'ÂèÇÊï∞',
  `cron_expression` varchar(100) DEFAULT NULL COMMENT 'cronË°®ËææÂºè',
  `status` tinyint(4) DEFAULT NULL COMMENT '‰ªªÂä°Áä∂ÊÄÅ',
  `remark` varchar(255) DEFAULT NULL COMMENT 'Â§áÊ≥®',
  `create_time` datetime DEFAULT NULL COMMENT 'ÂàõÂª∫Êó∂Èó¥',
  PRIMARY KEY (`job_id`)
) ENGINE=InnoDB AUTO_INCREMENT=3 DEFAULT CHARSET=utf8 COMMENT='ÂÆöÊó∂‰ªªÂä°';
/*!40101 SET character_set_client = @saved_cs_client */;

--
-- Dumping data for table `schedule_job`
--

LOCK TABLES `schedule_job` WRITE;
/*!40000 ALTER TABLE `schedule_job` DISABLE KEYS */;
INSERT INTO `schedule_job` VALUES (1,'testTask','test','renren','0 0/30 * * * ?',0,'ÊúâÂèÇÊï∞ÊµãËØï','2016-12-01 23:16:46'),(2,'testTask','test2',NULL,'0 0/30 * * * ?',1,'Êó†ÂèÇÊï∞ÊµãËØï','2016-12-03 14:55:56');
/*!40000 ALTER TABLE `schedule_job` ENABLE KEYS */;
UNLOCK TABLES;

--
-- Table structure for table `schedule_job_log`
--

DROP TABLE IF EXISTS `schedule_job_log`;
/*!40101 SET @saved_cs_client     = @@character_set_client */;
/*!40101 SET character_set_client = utf8 */;
CREATE TABLE `schedule_job_log` (
  `log_id` bigint(20) NOT NULL AUTO_INCREMENT COMMENT '‰ªªÂä°Êó•Âøóid',
  `job_id` bigint(20) NOT NULL COMMENT '‰ªªÂä°id',
  `bean_name` varchar(200) DEFAULT NULL COMMENT 'spring beanÂêçÁß∞',
  `method_name` varchar(100) DEFAULT NULL COMMENT 'ÊñπÊ≥ïÂêç',
  `params` varchar(2000) DEFAULT NULL COMMENT 'ÂèÇÊï∞',
  `status` tinyint(4) NOT NULL COMMENT '‰ªªÂä°Áä∂ÊÄÅ    0ÔºöÊàêÂäü    1ÔºöÂ§±Ë¥•',
  `error` varchar(2000) DEFAULT NULL COMMENT 'Â§±Ë¥•‰ø°ÊÅØ',
  `times` int(11) NOT NULL COMMENT 'ËÄóÊó∂(Âçï‰ΩçÔºöÊØ´Áßí)',
  `create_time` datetime DEFAULT NULL COMMENT 'ÂàõÂª∫Êó∂Èó¥',
  PRIMARY KEY (`log_id`),
  KEY `job_id` (`job_id`)
) ENGINE=InnoDB AUTO_INCREMENT=42 DEFAULT CHARSET=utf8 COMMENT='ÂÆöÊó∂‰ªªÂä°Êó•Âøó';
/*!40101 SET character_set_client = @saved_cs_client */;

--
-- Dumping data for table `schedule_job_log`
--

LOCK TABLES `schedule_job_log` WRITE;
/*!40000 ALTER TABLE `schedule_job_log` DISABLE KEYS */;
INSERT INTO `schedule_job_log` VALUES (1,1,'testTask','test','renren',1,'org.springframework.beans.factory.NoSuchBeanDefinitionException: No bean named \'testTask\' available',3,'2017-04-03 12:30:00'),(2,1,'testTask','test','renren',1,'org.springframework.beans.factory.NoSuchBeanDefinitionException: No bean named \'testTask\' available',2,'2017-04-04 18:00:00'),(3,1,'testTask','test','renren',1,'org.springframework.beans.factory.NoSuchBeanDefinitionException: No bean named \'testTask\' available',1,'2017-04-04 18:30:00'),(4,1,'testTask','test','renren',1,'org.springframework.beans.factory.NoSuchBeanDefinitionException: No bean named \'testTask\' available',0,'2017-04-04 19:00:00'),(5,1,'testTask','test','renren',1,'org.springframework.beans.factory.NoSuchBeanDefinitionException: No bean named \'testTask\' available',0,'2017-04-04 19:30:00'),(6,1,'testTask','test','renren',1,'org.springframework.beans.factory.NoSuchBeanDefinitionException: No bean named \'testTask\' available',0,'2017-04-04 20:00:00'),(7,1,'testTask','test','renren',1,'org.springframework.beans.factory.NoSuchBeanDefinitionException: No bean named \'testTask\' available',1,'2017-04-04 20:30:00'),(8,1,'testTask','test','renren',1,'org.springframework.beans.factory.NoSuchBeanDefinitionException: No bean named \'testTask\' available',2,'2017-04-04 21:00:00'),(9,1,'testTask','test','renren',1,'org.springframework.beans.factory.NoSuchBeanDefinitionException: No bean named \'testTask\' available',7,'2017-04-08 12:00:00'),(10,1,'testTask','test','renren',1,'org.springframework.beans.factory.NoSuchBeanDefinitionException: No bean named \'testTask\' available',2,'2017-04-08 12:30:00'),(11,1,'testTask','test','renren',1,'org.springframework.beans.factory.NoSuchBeanDefinitionException: No bean named \'testTask\' available',2,'2017-04-08 13:00:00'),(12,1,'testTask','test','renren',1,'org.springframework.beans.factory.NoSuchBeanDefinitionException: No bean named \'testTask\' available',2,'2017-04-08 13:30:00'),(13,1,'testTask','test','renren',1,'org.springframework.beans.factory.NoSuchBeanDefinitionException: No bean named \'testTask\' available',1,'2017-04-08 14:00:00'),(14,1,'testTask','test','renren',1,'org.springframework.beans.factory.NoSuchBeanDefinitionException: No bean named \'testTask\' available',0,'2017-04-08 14:30:00'),(15,1,'testTask','test','renren',1,'org.springframework.beans.factory.NoSuchBeanDefinitionException: No bean named \'testTask\' available',3,'2017-04-08 15:00:00'),(16,1,'testTask','test','renren',1,'org.springframework.beans.factory.NoSuchBeanDefinitionException: No bean named \'testTask\' available',2,'2017-04-08 15:30:00'),(17,1,'testTask','test','renren',1,'org.springframework.beans.factory.NoSuchBeanDefinitionException: No bean named \'testTask\' available',4,'2017-04-08 17:00:00'),(18,1,'testTask','test','renren',1,'org.springframework.beans.factory.NoSuchBeanDefinitionException: No bean named \'testTask\' available',3,'2017-04-08 17:30:00'),(19,1,'testTask','test','renren',1,'org.springframework.beans.factory.NoSuchBeanDefinitionException: No bean named \'testTask\' available',7,'2017-04-08 18:30:00'),(20,1,'testTask','test','renren',1,'org.springframework.beans.factory.NoSuchBeanDefinitionException: No bean named \'testTask\' available',1,'2017-04-08 19:00:00'),(21,1,'testTask','test','renren',1,'org.springframework.beans.factory.NoSuchBeanDefinitionException: No bean named \'testTask\' available',1,'2017-04-08 19:30:00'),(22,1,'testTask','test','renren',1,'org.springframework.beans.factory.NoSuchBeanDefinitionException: No bean named \'testTask\' available',0,'2017-04-08 20:00:00'),(23,1,'testTask','test','renren',1,'org.springframework.beans.factory.NoSuchBeanDefinitionException: No bean named \'testTask\' available',2,'2017-04-08 20:30:00'),(24,1,'testTask','test','renren',1,'org.springframework.beans.factory.NoSuchBeanDefinitionException: No bean named \'testTask\' available',2,'2017-04-08 21:00:00'),(25,1,'testTask','test','renren',1,'org.springframework.beans.factory.NoSuchBeanDefinitionException: No bean named \'testTask\' available',5,'2017-04-16 09:00:00'),(26,1,'testTask','test','renren',1,'org.springframework.beans.factory.NoSuchBeanDefinitionException: No bean named \'testTask\' available',4,'2017-04-16 09:30:00'),(27,1,'testTask','test','renren',1,'org.springframework.beans.factory.NoSuchBeanDefinitionException: No bean named \'testTask\' available',1,'2017-04-16 10:00:00'),(28,1,'testTask','test','renren',1,'org.springframework.beans.factory.NoSuchBeanDefinitionException: No bean named \'testTask\' available',1,'2017-04-16 10:30:00'),(29,1,'testTask','test','renren',1,'org.springframework.beans.factory.NoSuchBeanDefinitionException: No bean named \'testTask\' available',1,'2017-04-16 11:00:00'),(30,1,'testTask','test','renren',1,'org.springframework.beans.factory.NoSuchBeanDefinitionException: No bean named \'testTask\' available',3,'2017-04-16 11:30:00'),(31,1,'testTask','test','renren',0,NULL,1078,'2017-04-16 20:00:00'),(32,1,'testTask','test','renren',1,'org.springframework.beans.factory.NoSuchBeanDefinitionException: No bean named \'testTask\' available',3,'2017-04-16 21:00:00'),(33,1,'testTask','test','renren',0,NULL,1015,'2017-04-22 08:00:00'),(34,1,'testTask','test','renren',0,NULL,1002,'2017-04-22 22:30:00'),(35,1,'testTask','test','renren',0,NULL,1025,'2017-04-23 09:00:00'),(36,1,'testTask','test','renren',0,NULL,1020,'2017-04-23 10:00:00'),(37,1,'testTask','test','renren',0,NULL,1012,'2017-04-23 10:30:00'),(38,1,'testTask','test','renren',0,NULL,1015,'2017-04-23 11:00:00'),(39,1,'testTask','test','renren',0,NULL,1029,'2017-04-23 13:00:00'),(40,1,'testTask','test','renren',0,NULL,1010,'2017-04-23 13:30:00'),(41,1,'testTask','test','renren',0,NULL,1011,'2017-04-23 14:30:00');
/*!40000 ALTER TABLE `schedule_job_log` ENABLE KEYS */;
UNLOCK TABLES;

--
-- Table structure for table `sys_config`
--

DROP TABLE IF EXISTS `sys_config`;
/*!40101 SET @saved_cs_client     = @@character_set_client */;
/*!40101 SET character_set_client = utf8 */;
CREATE TABLE `sys_config` (
  `id` bigint(20) NOT NULL AUTO_INCREMENT,
  `key` varchar(50) DEFAULT NULL COMMENT 'key',
  `value` varchar(2000) DEFAULT NULL COMMENT 'value',
  `status` tinyint(4) DEFAULT '1' COMMENT 'Áä∂ÊÄÅ   0ÔºöÈöêËóè   1ÔºöÊòæÁ§∫',
  `remark` varchar(500) DEFAULT NULL COMMENT 'Â§áÊ≥®',
  PRIMARY KEY (`id`),
  UNIQUE KEY `key` (`key`)
) ENGINE=InnoDB AUTO_INCREMENT=2 DEFAULT CHARSET=utf8 COMMENT='Á≥ªÁªüÈÖçÁΩÆ‰ø°ÊÅØË°®';
/*!40101 SET character_set_client = @saved_cs_client */;

--
-- Dumping data for table `sys_config`
--

LOCK TABLES `sys_config` WRITE;
/*!40000 ALTER TABLE `sys_config` DISABLE KEYS */;
INSERT INTO `sys_config` VALUES (1,'CLOUD_STORAGE_CONFIG_KEY','{\"aliyunAccessKeyId\":\"\",\"aliyunAccessKeySecret\":\"\",\"aliyunBucketName\":\"\",\"aliyunDomain\":\"\",\"aliyunEndPoint\":\"\",\"aliyunPrefix\":\"\",\"qcloudBucketName\":\"\",\"qcloudDomain\":\"\",\"qcloudPrefix\":\"\",\"qcloudSecretId\":\"\",\"qcloudSecretKey\":\"\",\"qiniuAccessKey\":\"NrgMfABZxWLo5B-YYSjoE8-AZ1EISdi1Z3ubLOeZ\",\"qiniuBucketName\":\"ios-app\",\"qiniuDomain\":\"http://7xqbwh.dl1.z0.glb.clouddn.com\",\"qiniuPrefix\":\"upload\",\"qiniuSecretKey\":\"uIwJHevMRWU0VLxFvgy0tAcOdGqasdtVlJkdy6vV\",\"type\":1}',0,'‰∫ëÂ≠òÂÇ®ÈÖçÁΩÆ‰ø°ÊÅØ');
/*!40000 ALTER TABLE `sys_config` ENABLE KEYS */;
UNLOCK TABLES;

--
-- Table structure for table `sys_log`
--

DROP TABLE IF EXISTS `sys_log`;
/*!40101 SET @saved_cs_client     = @@character_set_client */;
/*!40101 SET character_set_client = utf8 */;
CREATE TABLE `sys_log` (
  `id` bigint(20) NOT NULL AUTO_INCREMENT,
  `username` varchar(50) DEFAULT NULL COMMENT 'Áî®Êà∑Âêç',
  `operation` varchar(50) DEFAULT NULL COMMENT 'Áî®Êà∑Êìç‰Ωú',
  `method` varchar(200) DEFAULT NULL COMMENT 'ËØ∑Ê±ÇÊñπÊ≥ï',
  `params` varchar(5000) DEFAULT NULL COMMENT 'ËØ∑Ê±ÇÂèÇÊï∞',
  `ip` varchar(64) DEFAULT NULL COMMENT 'IPÂú∞ÂùÄ',
  `create_date` datetime DEFAULT NULL COMMENT 'ÂàõÂª∫Êó∂Èó¥',
  PRIMARY KEY (`id`)
) ENGINE=InnoDB AUTO_INCREMENT=63 DEFAULT CHARSET=utf8 COMMENT='Á≥ªÁªüÊó•Âøó';
/*!40101 SET character_set_client = @saved_cs_client */;

--
-- Dumping data for table `sys_log`
--

LOCK TABLES `sys_log` WRITE;
/*!40000 ALTER TABLE `sys_log` DISABLE KEYS */;
INSERT INTO `sys_log` VALUES (1,'admin','‰øùÂ≠òÁî®Êà∑','io.renren.controller.SysUserController.save()','{\"email\":\"rechen@qq.com\",\"mobile\":\"18938961900\",\"roleIdList\":[],\"status\":1,\"username\":\"rechen\"}','127.0.0.1','2017-04-03 12:20:16'),(2,'admin','‰øùÂ≠òËßíËâ≤','io.renren.controller.SysRoleController.save()','{\"menuIdList\":[1,2,15,16,17,18,3,19,20,21,22,4,23,24,25,26,5,6,7,8,9,10,11,12,13,14,27,30,29,28],\"roleName\":\"Âπ≥Âè∞ÁÆ°ÁêÜÂëò\"}','127.0.0.1','2017-04-03 12:20:48'),(3,'admin','‰øÆÊîπÁî®Êà∑','io.renren.controller.SysUserController.update()','{\"createTime\":1491193216000,\"createUserId\":1,\"email\":\"rechen@qq.com\",\"mobile\":\"18938961900\",\"roleIdList\":[1],\"status\":1,\"userId\":2,\"username\":\"rechen\"}','127.0.0.1','2017-04-03 12:20:56'),(4,'admin','ÁîüÊàê‰ª£Á†Å','io.renren.controller.SysGeneratorController.code()','\"[&quot;ctd_cloud_type&quot;]\"','127.0.0.1','2017-04-04 17:30:24'),(5,'admin','ÁîüÊàê‰ª£Á†Å','io.renren.controller.SysGeneratorController.code()','\"[&quot;ctd_account&quot;]\"','127.0.0.1','2017-04-04 17:31:04'),(6,'admin','‰øùÂ≠òËèúÂçï','io.renren.controller.SysMenuController.save()','{\"name\":\"AWS‰∫ëË¥πÁî®\",\"orderNum\":0,\"parentId\":0,\"parentName\":\"‰∏ÄÁ∫ßËèúÂçï\",\"type\":0}','127.0.0.1','2017-04-04 17:38:05'),(7,'admin','‰øÆÊîπÁî®Êà∑','io.renren.controller.SysUserController.update()','{\"createTime\":1478833871000,\"email\":\"root@renren.io\",\"mobile\":\"13612345678\",\"roleIdList\":[1],\"status\":1,\"userId\":1,\"username\":\"admin\"}','127.0.0.1','2017-04-04 17:38:25'),(8,'admin','‰øÆÊîπËßíËâ≤','io.renren.controller.SysRoleController.update()','{\"createTime\":1491193248000,\"createUserId\":1,\"menuIdList\":[1,2,15,16,17,18,3,19,20,21,22,4,23,24,25,26,5,6,7,8,9,10,11,12,13,14,27,30,29,28,31],\"roleId\":1,\"roleName\":\"Âπ≥Âè∞ÁÆ°ÁêÜÂëò\"}','127.0.0.1','2017-04-04 17:38:34'),(9,'admin','‰øÆÊîπËèúÂçï','io.renren.controller.SysMenuController.update()','{\"icon\":\"fa fa-cog\",\"menuId\":1,\"name\":\"Á≥ªÁªüÁÆ°ÁêÜ\",\"orderNum\":1,\"parentId\":0,\"parentName\":\"‰∏ÄÁ∫ßËèúÂçï\",\"type\":0}','127.0.0.1','2017-04-04 17:39:21'),(10,'admin','‰øÆÊîπËèúÂçï','io.renren.controller.SysMenuController.update()','{\"menuId\":31,\"name\":\"ÂêéÂè∞ÂèÇÊï∞\",\"orderNum\":0,\"parentId\":0,\"parentName\":\"‰∏ÄÁ∫ßËèúÂçï\",\"type\":0}','127.0.0.1','2017-04-08 14:59:59'),(11,'admin','‰øÆÊîπËèúÂçï','io.renren.controller.SysMenuController.update()','{\"icon\":\"fa fa-file-code-o\",\"menuId\":32,\"name\":\"‰∫ë‰æõÂ∫îÂïÜ\",\"orderNum\":6,\"parentId\":31,\"parentName\":\"ÂêéÂè∞ÂèÇÊï∞\",\"type\":1,\"url\":\"adm/cloudtype.html\"}','127.0.0.1','2017-04-08 16:36:51'),(12,'admin','‰øÆÊîπËèúÂçï','io.renren.controller.SysMenuController.update()','{\"icon\":\"fa fa-file-code-o\",\"menuId\":32,\"name\":\"‰∫ë‰æõÂ∫îÂïÜ\",\"orderNum\":6,\"parentId\":31,\"parentName\":\"ÂêéÂè∞ÂèÇÊï∞\",\"type\":1,\"url\":\"admin/cloudtype.html\"}','127.0.0.1','2017-04-08 18:28:20'),(13,'admin','‰øÆÊîπËèúÂçï','io.renren.controller.SysMenuController.update()','{\"icon\":\"fa fa-file-code-o\",\"menuId\":32,\"name\":\"‰∫ë‰æõÂ∫îÂïÜ\",\"orderNum\":6,\"parentId\":31,\"parentName\":\"ÂêéÂè∞ÂèÇÊï∞\",\"type\":1,\"url\":\"adm/cloudtype.html\"}','127.0.0.1','2017-04-09 08:06:01'),(14,'admin','‰øÆÊîπËèúÂçï','io.renren.controller.SysMenuController.update()','{\"icon\":\"fa fa-file-code-o\",\"menuId\":32,\"name\":\"‰∫ë‰æõÂ∫îÂïÜ\",\"orderNum\":6,\"parentId\":31,\"parentName\":\"ÂêéÂè∞ÂèÇÊï∞\",\"type\":1,\"url\":\"sys/cloudtype.html\"}','127.0.0.1','2017-04-09 08:16:49'),(15,'admin','‰øÆÊîπËèúÂçï','io.renren.controller.SysMenuController.update()','{\"icon\":\"fa fa-file-code-o\",\"menuId\":32,\"name\":\"‰∫ë‰æõÂ∫îÂïÜ\",\"orderNum\":6,\"parentId\":31,\"parentName\":\"ÂêéÂè∞ÂèÇÊï∞\",\"type\":1,\"url\":\"adm/cloudtype.html\"}','127.0.0.1','2017-04-09 08:41:24'),(16,'admin','Âà†Èô§ËèúÂçï','io.renren.controller.SysMenuController.delete()','[38]','127.0.0.1','2017-04-09 09:02:37'),(17,'admin','‰øÆÊîπËèúÂçï','io.renren.controller.SysMenuController.update()','{\"icon\":\"fa fa-file-code-o\",\"menuId\":37,\"name\":\"‰∫ëÊúçÂä°Ê∏ÖÂçï\",\"orderNum\":6,\"parentId\":31,\"parentName\":\"ÂêéÂè∞ÂèÇÊï∞\",\"type\":1,\"url\":\"adm/servicedef.html\"}','127.0.0.1','2017-04-09 09:02:54'),(18,'admin','‰øÆÊîπËèúÂçï','io.renren.controller.SysMenuController.update()','{\"icon\":\"fa fa-file-code-o\",\"menuId\":32,\"name\":\"‰∫ë‰æõÂ∫îÂïÜ\",\"orderNum\":6,\"parentId\":31,\"parentName\":\"ÂêéÂè∞ÂèÇÊï∞\",\"type\":1,\"url\":\"generator/cloudtype.html\"}','127.0.0.1','2017-04-15 21:46:09'),(19,'admin','‰øÆÊîπËèúÂçï','io.renren.controller.SysMenuController.update()','{\"icon\":\"fa fa-file-code-o\",\"menuId\":37,\"name\":\"‰∫ëÊúçÂä°Ê∏ÖÂçï\",\"orderNum\":6,\"parentId\":31,\"parentName\":\"ÂêéÂè∞ÂèÇÊï∞\",\"type\":1,\"url\":\"generator/servicedef.html\"}','127.0.0.1','2017-04-15 21:46:22'),(20,'admin','‰øÆÊîπËèúÂçï','io.renren.controller.SysMenuController.update()','{\"icon\":\"fa fa-file-code-o\",\"menuId\":32,\"name\":\"‰∫ë‰æõÂ∫îÂïÜ\",\"orderNum\":2,\"parentId\":31,\"parentName\":\"ÂêéÂè∞ÂèÇÊï∞\",\"type\":1,\"url\":\"generator/cloudtype.html\"}','127.0.0.1','2017-04-16 17:14:13'),(21,'admin','‰øÆÊîπËèúÂçï','io.renren.controller.SysMenuController.update()','{\"icon\":\"fa fa-file-code-o\",\"menuId\":43,\"name\":\"‰∫ëË¥¶Êà∑\",\"orderNum\":6,\"parentId\":31,\"parentName\":\"ÂêéÂè∞ÂèÇÊï∞\",\"type\":1,\"url\":\"generator/account.html\"}','127.0.0.1','2017-04-16 20:56:38'),(22,'admin','‰øÆÊîπËèúÂçï','io.renren.controller.SysMenuController.update()','{\"icon\":\"fa fa-file-code-o\",\"menuId\":48,\"name\":\"‰∫ëË¥¶Êà∑-AWS\",\"orderNum\":6,\"parentId\":31,\"parentName\":\"ÂêéÂè∞ÂèÇÊï∞\",\"type\":1,\"url\":\"generator/awsaccount.html\"}','127.0.0.1','2017-04-16 20:57:06'),(23,'admin','‰øÆÊîπËèúÂçï','io.renren.controller.SysMenuController.update()','{\"icon\":\"fa fa-file-code-o\",\"menuId\":53,\"name\":\"‰∫ëË¥¶Êà∑-ÂÖ≥ËÅîË¥¶Êà∑ÂÖ≥Á≥ª\",\"orderNum\":6,\"parentId\":31,\"parentName\":\"ÂêéÂè∞ÂèÇÊï∞\",\"type\":1,\"url\":\"generator/accountlinkaccount.html\"}','127.0.0.1','2017-04-16 20:57:26'),(24,'admin','‰øùÂ≠òËèúÂçï','io.renren.controller.SysMenuController.save()','{\"name\":\"Ë¥¶ÂçïÁÆ°ÁêÜ\",\"orderNum\":1,\"parentId\":0,\"parentName\":\"‰∏ÄÁ∫ßËèúÂçï\",\"type\":0}','127.0.0.1','2017-04-16 20:58:02'),(25,'admin','‰øÆÊîπËèúÂçï','io.renren.controller.SysMenuController.update()','{\"icon\":\"fa fa-cog\",\"menuId\":1,\"name\":\"Á≥ªÁªüÁÆ°ÁêÜ\",\"orderNum\":9,\"parentId\":0,\"parentName\":\"‰∏ÄÁ∫ßËèúÂçï\",\"type\":0}','127.0.0.1','2017-04-16 20:58:30'),(26,'admin','‰øùÂ≠òËèúÂçï','io.renren.controller.SysMenuController.save()','{\"name\":\"ÊàêÊú¨ÂàÜÊûê\",\"orderNum\":2,\"parentId\":0,\"parentName\":\"‰∏ÄÁ∫ßËèúÂçï\",\"type\":0}','127.0.0.1','2017-04-16 20:59:22'),(27,'admin','‰øÆÊîπËèúÂçï','io.renren.controller.SysMenuController.update()','{\"icon\":\"fa fa-file-code-o\",\"menuId\":58,\"name\":\"Ê†áÁ≠æ\",\"orderNum\":6,\"parentId\":118,\"parentName\":\"Ë¥¶ÂçïÁÆ°ÁêÜ\",\"type\":1,\"url\":\"generator/costtag.html\"}','127.0.0.1','2017-04-16 20:59:58'),(28,'admin','‰øÆÊîπËèúÂçï','io.renren.controller.SysMenuController.update()','{\"icon\":\"fa fa-file-code-o\",\"menuId\":58,\"name\":\"ÊàêÊú¨Ê†áÁ≠æ\",\"orderNum\":6,\"parentId\":118,\"parentName\":\"Ë¥¶ÂçïÁÆ°ÁêÜ\",\"type\":1,\"url\":\"generator/costtag.html\"}','127.0.0.1','2017-04-16 21:00:15'),(29,'admin','‰øÆÊîπËèúÂçï','io.renren.controller.SysMenuController.update()','{\"icon\":\"fa fa-file-code-o\",\"menuId\":63,\"name\":\"‰∏ãËΩΩÊó•Âøó\",\"orderNum\":6,\"parentId\":118,\"parentName\":\"Ë¥¶ÂçïÁÆ°ÁêÜ\",\"type\":1,\"url\":\"generator/downloadinvoicelog.html\"}','127.0.0.1','2017-04-16 21:00:37'),(30,'admin','‰øÆÊîπËèúÂçï','io.renren.controller.SysMenuController.update()','{\"icon\":\"fa fa-file-code-o\",\"menuId\":68,\"name\":\"Ë¥¶ÂçïËØ¶ÊÉÖ\",\"orderNum\":6,\"parentId\":118,\"parentName\":\"Ë¥¶ÂçïÁÆ°ÁêÜ\",\"type\":1,\"url\":\"generator/invoicedetail.html\"}','127.0.0.1','2017-04-16 21:01:14'),(31,'admin','‰øÆÊîπËèúÂçï','io.renren.controller.SysMenuController.update()','{\"icon\":\"fa fa-file-code-o\",\"menuId\":73,\"name\":\"Ë∞ÉË¥¶Êó•Âøó\",\"orderNum\":6,\"parentId\":118,\"parentName\":\"Ë¥¶ÂçïÁÆ°ÁêÜ\",\"type\":1,\"url\":\"generator/invoicedetailadjustlog.html\"}','127.0.0.1','2017-04-16 21:01:49'),(32,'admin','‰øÆÊîπËèúÂçï','io.renren.controller.SysMenuController.update()','{\"icon\":\"fa fa-file-code-o\",\"menuId\":78,\"name\":\"Ë∞ÉË¥¶Êï∞ÊçÆ\",\"orderNum\":6,\"parentId\":118,\"parentName\":\"Ë¥¶ÂçïÁÆ°ÁêÜ\",\"type\":1,\"url\":\"generator/invoicedetailadjustfilter.html\"}','127.0.0.1','2017-04-16 21:02:22'),(33,'admin','‰øÆÊîπËèúÂçï','io.renren.controller.SysMenuController.update()','{\"icon\":\"fa fa-file-code-o\",\"menuId\":83,\"name\":\"ÊúàË¥¶Âçï\",\"orderNum\":6,\"parentId\":118,\"parentName\":\"Ë¥¶ÂçïÁÆ°ÁêÜ\",\"type\":1,\"url\":\"generator/invoiceaccountdesc.html\"}','127.0.0.1','2017-04-16 21:02:49'),(34,'admin','‰øÆÊîπËèúÂçï','io.renren.controller.SysMenuController.update()','{\"icon\":\"fa fa-file-code-o\",\"menuId\":88,\"name\":\"Ê†áÁ≠æÊó•ÁªüËÆ°\",\"orderNum\":6,\"parentId\":119,\"parentName\":\"ÊàêÊú¨ÂàÜÊûê\",\"type\":1,\"url\":\"generator/tagdaycoststat.html\"}','127.0.0.1','2017-04-16 21:03:32'),(35,'admin','‰øÆÊîπËèúÂçï','io.renren.controller.SysMenuController.update()','{\"icon\":\"fa fa-file-code-o\",\"menuId\":93,\"name\":\"ÊåâÊúàÁªüËÆ°\",\"orderNum\":6,\"parentId\":119,\"parentName\":\"ÊàêÊú¨ÂàÜÊûê\",\"type\":1,\"url\":\"generator/monthcoststat.html\"}','127.0.0.1','2017-04-16 21:03:58'),(36,'admin','‰øÆÊîπËèúÂçï','io.renren.controller.SysMenuController.update()','{\"icon\":\"fa fa-file-code-o\",\"menuId\":98,\"name\":\"Ë¥¶ÂçïÈ¢ÑÁïôËØ¶ÊÉÖ\",\"orderNum\":6,\"parentId\":118,\"parentName\":\"Ë¥¶ÂçïÁÆ°ÁêÜ\",\"type\":1,\"url\":\"generator/invoicedetailreserved.html\"}','127.0.0.1','2017-04-16 21:05:07'),(37,'admin','‰øÆÊîπËèúÂçï','io.renren.controller.SysMenuController.update()','{\"icon\":\"fa fa-file-code-o\",\"menuId\":83,\"name\":\"Ë¥¶Êà∑ÊúàË¥¶Âçï\",\"orderNum\":6,\"parentId\":118,\"parentName\":\"Ë¥¶ÂçïÁÆ°ÁêÜ\",\"type\":1,\"url\":\"generator/invoiceaccountdesc.html\"}','127.0.0.1','2017-04-16 21:05:35'),(38,'admin','‰øÆÊîπËèúÂçï','io.renren.controller.SysMenuController.update()','{\"icon\":\"fa fa-file-code-o\",\"menuId\":103,\"name\":\"Ë¥¶ÂçïËØ¶ÊÉÖ\",\"orderNum\":6,\"parentId\":118,\"parentName\":\"Ë¥¶ÂçïÁÆ°ÁêÜ\",\"type\":1,\"url\":\"generator/invoicedetaildesc.html\"}','127.0.0.1','2017-04-16 21:05:54'),(39,'admin','‰øÆÊîπËèúÂçï','io.renren.controller.SysMenuController.update()','{\"icon\":\"fa fa-file-code-o\",\"menuId\":108,\"name\":\"Ë¥¶ÂçïË∞ÉË¥¶ÁªìÊûú\",\"orderNum\":6,\"parentId\":118,\"parentName\":\"Ë¥¶ÂçïÁÆ°ÁêÜ\",\"type\":1,\"url\":\"generator/invoicedetailadjustresult.html\"}','127.0.0.1','2017-04-16 21:06:15'),(40,'admin','‰øÆÊîπËèúÂçï','io.renren.controller.SysMenuController.update()','{\"icon\":\"fa fa-file-code-o\",\"menuId\":113,\"name\":\"Ë¥¶ÂçïÈ¢ÑÁïôË∞ÉË¥¶Êï∞ÊçÆ\",\"orderNum\":6,\"parentId\":1,\"parentName\":\"Á≥ªÁªüÁÆ°ÁêÜ\",\"type\":1,\"url\":\"generator/invoicedetailadjustreserved.html\"}','127.0.0.1','2017-04-16 21:07:35'),(41,'admin','‰øÆÊîπËèúÂçï','io.renren.controller.SysMenuController.update()','{\"icon\":\"fa fa-file-code-o\",\"menuId\":113,\"name\":\"Ë¥¶ÂçïÈ¢ÑÁïôË∞ÉË¥¶Êï∞ÊçÆ\",\"orderNum\":6,\"parentId\":118,\"parentName\":\"Ë¥¶ÂçïÁÆ°ÁêÜ\",\"type\":1,\"url\":\"generator/invoicedetailadjustreserved.html\"}','127.0.0.1','2017-04-16 21:07:42'),(42,'admin','‰øÆÊîπËßíËâ≤','io.renren.admin.SysRoleController.update()','{\"createTime\":1491193248000,\"createUserId\":1,\"menuIdList\":[31,32,33,34,35,36,37,39,40,41,42,43,44,45,46,47,48,49,50,51,52,53,54,55,56,57,118,58,59,60,61,62,63,64,65,66,67,68,69,70,71,72,73,74,75,76,77,78,79,80,81,82,83,84,85,86,87,98,99,100,101,102,103,104,105,106,107,108,109,110,111,112,113,114,115,116,117,119,88,89,90,91,92,93,94,95,96,97,1,2,15,16,17,18,3,19,20,21,22,4,23,24,25,26,5,6,7,8,9,10,11,12,13,14,27,30,29,28],\"roleId\":1,\"roleName\":\"Âπ≥Âè∞ÁÆ°ÁêÜÂëò\"}','127.0.0.1','2017-04-23 09:02:39'),(43,'admin','‰øÆÊîπÁî®Êà∑','io.renren.admin.SysUserController.update()','{\"createTime\":1478833871000,\"email\":\"root@renren.io\",\"mobile\":\"13612345678\",\"roleIdList\":[1],\"status\":1,\"userId\":1,\"username\":\"admin\"}','127.0.0.1','2017-04-23 09:03:08'),(44,'admin','‰øÆÊîπÁî®Êà∑','io.renren.admin.SysUserController.update()','{\"createTime\":1491193216000,\"createUserId\":1,\"email\":\"rechen@qq.com\",\"mobile\":\"18938961900\",\"roleIdList\":[1],\"status\":1,\"userId\":2,\"username\":\"rechen\"}','127.0.0.1','2017-04-23 09:03:12'),(45,'admin','‰øÆÊîπËßíËâ≤','io.renren.admin.SysRoleController.update()','{\"createTime\":1491193248000,\"createUserId\":1,\"menuIdList\":[31,32,33,34,35,36,37,39,40,41,42,43,44,45,46,47,48,49,50,51,52,53,54,55,56,57,118,58,59,60,61,62,63,64,65,66,67,68,69,70,71,72,73,74,75,76,77,78,79,80,81,82,83,84,85,86,87,98,99,100,101,102,103,104,105,106,107,108,109,110,111,112,113,114,115,116,117,119,88,89,90,91,92,93,94,95,96,97,1,2,15,16,17,18,3,19,20,21,22,4,23,24,25,26,5,6,7,8,9,10,11,12,13,14,27,30,29,28],\"roleId\":1,\"roleName\":\"Âπ≥Âè∞ÁÆ°ÁêÜÂëò\"}','127.0.0.1','2017-04-23 09:03:25'),(46,'admin','‰øÆÊîπËèúÂçï','io.renren.admin.SysMenuController.update()','{\"icon\":\"fa fa-file-code-o\",\"menuId\":37,\"name\":\"‰∫ëÊúçÂä°Ê∏ÖÂçï\",\"orderNum\":6,\"parentId\":31,\"parentName\":\"ÂêéÂè∞ÂèÇÊï∞\",\"type\":1,\"url\":\"ncu/servicedef.html\"}','127.0.0.1','2017-04-23 10:54:32'),(47,'admin','‰øÆÊîπËèúÂçï','io.renren.admin.SysMenuController.update()','{\"icon\":\"fa fa-file-code-o\",\"menuId\":32,\"name\":\"‰∫ë‰æõÂ∫îÂïÜ\",\"orderNum\":2,\"parentId\":31,\"parentName\":\"ÂêéÂè∞ÂèÇÊï∞\",\"type\":1,\"url\":\"ncu/cloudtype.html\"}','127.0.0.1','2017-04-23 14:13:45'),(48,'admin','‰øÆÊîπËèúÂçï','io.renren.admin.SysMenuController.update()','{\"icon\":\"fa fa-file-code-o\",\"menuId\":43,\"name\":\"‰∫ëË¥¶Êà∑\",\"orderNum\":6,\"parentId\":31,\"parentName\":\"ÂêéÂè∞ÂèÇÊï∞\",\"type\":1,\"url\":\"ncu/account.html\"}','127.0.0.1','2017-04-23 14:14:04'),(49,'admin','‰øÆÊîπËèúÂçï','io.renren.admin.SysMenuController.update()','{\"icon\":\"fa fa-file-code-o\",\"menuId\":48,\"name\":\"‰∫ëË¥¶Êà∑-AWS\",\"orderNum\":6,\"parentId\":31,\"parentName\":\"ÂêéÂè∞ÂèÇÊï∞\",\"type\":1,\"url\":\"ncu/awsaccount.html\"}','127.0.0.1','2017-04-23 14:14:16'),(50,'admin','‰øÆÊîπËèúÂçï','io.renren.admin.SysMenuController.update()','{\"icon\":\"fa fa-file-code-o\",\"menuId\":53,\"name\":\"‰∫ëË¥¶Êà∑-ÂÖ≥ËÅîË¥¶Êà∑ÂÖ≥Á≥ª\",\"orderNum\":6,\"parentId\":31,\"parentName\":\"ÂêéÂè∞ÂèÇÊï∞\",\"type\":1,\"url\":\"ncu/accountlinkaccount.html\"}','127.0.0.1','2017-04-23 14:14:27'),(51,'admin','‰øÆÊîπËèúÂçï','io.renren.admin.SysMenuController.update()','{\"icon\":\"fa fa-file-code-o\",\"menuId\":58,\"name\":\"ÊàêÊú¨Ê†áÁ≠æ\",\"orderNum\":6,\"parentId\":118,\"parentName\":\"Ë¥¶ÂçïÁÆ°ÁêÜ\",\"type\":1,\"url\":\"ncu/costtag.html\"}','127.0.0.1','2017-04-23 14:14:36'),(52,'admin','‰øÆÊîπËèúÂçï','io.renren.admin.SysMenuController.update()','{\"icon\":\"fa fa-file-code-o\",\"menuId\":63,\"name\":\"‰∏ãËΩΩÊó•Âøó\",\"orderNum\":6,\"parentId\":118,\"parentName\":\"Ë¥¶ÂçïÁÆ°ÁêÜ\",\"type\":1,\"url\":\"ncu/downloadinvoicelog.html\"}','127.0.0.1','2017-04-23 14:14:54'),(53,'admin','‰øÆÊîπËèúÂçï','io.renren.admin.SysMenuController.update()','{\"icon\":\"fa fa-file-code-o\",\"menuId\":68,\"name\":\"Ë¥¶ÂçïËØ¶ÊÉÖ\",\"orderNum\":6,\"parentId\":118,\"parentName\":\"Ë¥¶ÂçïÁÆ°ÁêÜ\",\"type\":1,\"url\":\"ncu/invoicedetail.html\"}','127.0.0.1','2017-04-23 14:15:04'),(54,'admin','‰øÆÊîπËèúÂçï','io.renren.admin.SysMenuController.update()','{\"icon\":\"fa fa-file-code-o\",\"menuId\":73,\"name\":\"Ë∞ÉË¥¶Êó•Âøó\",\"orderNum\":6,\"parentId\":118,\"parentName\":\"Ë¥¶ÂçïÁÆ°ÁêÜ\",\"type\":1,\"url\":\"ncu/invoicedetailadjustlog.html\"}','127.0.0.1','2017-04-23 14:15:17'),(55,'admin','‰øÆÊîπËèúÂçï','io.renren.admin.SysMenuController.update()','{\"icon\":\"fa fa-file-code-o\",\"menuId\":78,\"name\":\"Ë∞ÉË¥¶Êï∞ÊçÆ\",\"orderNum\":6,\"parentId\":118,\"parentName\":\"Ë¥¶ÂçïÁÆ°ÁêÜ\",\"type\":1,\"url\":\"ncu/invoicedetailadjustfilter.html\"}','127.0.0.1','2017-04-23 14:15:26'),(56,'admin','‰øÆÊîπËèúÂçï','io.renren.admin.SysMenuController.update()','{\"icon\":\"fa fa-file-code-o\",\"menuId\":83,\"name\":\"Ë¥¶Êà∑ÊúàË¥¶Âçï\",\"orderNum\":6,\"parentId\":118,\"parentName\":\"Ë¥¶ÂçïÁÆ°ÁêÜ\",\"type\":1,\"url\":\"ncu/invoiceaccountdesc.html\"}','127.0.0.1','2017-04-23 14:15:38'),(57,'admin','‰øÆÊîπËèúÂçï','io.renren.admin.SysMenuController.update()','{\"icon\":\"fa fa-file-code-o\",\"menuId\":88,\"name\":\"Ê†áÁ≠æÊó•ÁªüËÆ°\",\"orderNum\":6,\"parentId\":119,\"parentName\":\"ÊàêÊú¨ÂàÜÊûê\",\"type\":1,\"url\":\"ncu/tagdaycoststat.html\"}','127.0.0.1','2017-04-23 14:15:50'),(58,'admin','‰øÆÊîπËèúÂçï','io.renren.admin.SysMenuController.update()','{\"icon\":\"fa fa-file-code-o\",\"menuId\":93,\"name\":\"ÊåâÊúàÁªüËÆ°\",\"orderNum\":6,\"parentId\":119,\"parentName\":\"ÊàêÊú¨ÂàÜÊûê\",\"type\":1,\"url\":\"ncu/monthcoststat.html\"}','127.0.0.1','2017-04-23 14:16:01'),(59,'admin','‰øÆÊîπËèúÂçï','io.renren.admin.SysMenuController.update()','{\"icon\":\"fa fa-file-code-o\",\"menuId\":98,\"name\":\"Ë¥¶ÂçïÈ¢ÑÁïôËØ¶ÊÉÖ\",\"orderNum\":6,\"parentId\":118,\"parentName\":\"Ë¥¶ÂçïÁÆ°ÁêÜ\",\"type\":1,\"url\":\"ncu/invoicedetailreserved.html\"}','127.0.0.1','2017-04-23 14:16:13'),(60,'admin','‰øÆÊîπËèúÂçï','io.renren.admin.SysMenuController.update()','{\"icon\":\"fa fa-file-code-o\",\"menuId\":103,\"name\":\"Ë¥¶ÂçïËØ¶ÊÉÖ\",\"orderNum\":6,\"parentId\":118,\"parentName\":\"Ë¥¶ÂçïÁÆ°ÁêÜ\",\"type\":1,\"url\":\"ncu/invoicedetaildesc.html\"}','127.0.0.1','2017-04-23 14:16:32'),(61,'admin','‰øÆÊîπËèúÂçï','io.renren.admin.SysMenuController.update()','{\"icon\":\"fa fa-file-code-o\",\"menuId\":108,\"name\":\"Ë¥¶ÂçïË∞ÉË¥¶ÁªìÊûú\",\"orderNum\":6,\"parentId\":118,\"parentName\":\"Ë¥¶ÂçïÁÆ°ÁêÜ\",\"type\":1,\"url\":\"ncu/invoicedetailadjustresult.html\"}','127.0.0.1','2017-04-23 14:17:23'),(62,'admin','‰øÆÊîπËèúÂçï','io.renren.admin.SysMenuController.update()','{\"icon\":\"fa fa-file-code-o\",\"menuId\":113,\"name\":\"Ë¥¶ÂçïÈ¢ÑÁïôË∞ÉË¥¶Êï∞ÊçÆ\",\"orderNum\":6,\"parentId\":118,\"parentName\":\"Ë¥¶ÂçïÁÆ°ÁêÜ\",\"type\":1,\"url\":\"ncu/invoicedetailadjustreserved.html\"}','127.0.0.1','2017-04-23 14:17:34');
/*!40000 ALTER TABLE `sys_log` ENABLE KEYS */;
UNLOCK TABLES;

--
-- Table structure for table `sys_menu`
--

DROP TABLE IF EXISTS `sys_menu`;
/*!40101 SET @saved_cs_client     = @@character_set_client */;
/*!40101 SET character_set_client = utf8 */;
CREATE TABLE `sys_menu` (
  `menu_id` bigint(20) NOT NULL AUTO_INCREMENT,
  `parent_id` bigint(20) DEFAULT NULL COMMENT 'Áà∂ËèúÂçïIDÔºå‰∏ÄÁ∫ßËèúÂçï‰∏∫0',
  `name` varchar(50) DEFAULT NULL COMMENT 'ËèúÂçïÂêçÁß∞',
  `url` varchar(200) DEFAULT NULL COMMENT 'ËèúÂçïURL',
  `perms` varchar(500) DEFAULT NULL COMMENT 'ÊéàÊùÉ(Â§ö‰∏™Áî®ÈÄóÂè∑ÂàÜÈöîÔºåÂ¶ÇÔºöuser:list,user:create)',
  `type` int(11) DEFAULT NULL COMMENT 'Á±ªÂûã   0ÔºöÁõÆÂΩï   1ÔºöËèúÂçï   2ÔºöÊåâÈíÆ',
  `icon` varchar(50) DEFAULT NULL COMMENT 'ËèúÂçïÂõæÊ†á',
  `order_num` int(11) DEFAULT NULL COMMENT 'ÊéíÂ∫è',
  PRIMARY KEY (`menu_id`)
) ENGINE=InnoDB AUTO_INCREMENT=120 DEFAULT CHARSET=utf8 COMMENT='ËèúÂçïÁÆ°ÁêÜ';
/*!40101 SET character_set_client = @saved_cs_client */;

--
-- Dumping data for table `sys_menu`
--

LOCK TABLES `sys_menu` WRITE;
/*!40000 ALTER TABLE `sys_menu` DISABLE KEYS */;
INSERT INTO `sys_menu` VALUES (1,0,'Á≥ªÁªüÁÆ°ÁêÜ',NULL,NULL,0,'fa fa-cog',9),(2,1,'ÁÆ°ÁêÜÂëòÂàóË°®','sys/user.html',NULL,1,'fa fa-user',1),(3,1,'ËßíËâ≤ÁÆ°ÁêÜ','sys/role.html',NULL,1,'fa fa-user-secret',2),(4,1,'ËèúÂçïÁÆ°ÁêÜ','sys/menu.html',NULL,1,'fa fa-th-list',3),(5,1,'SQLÁõëÊéß','druid/sql.html',NULL,1,'fa fa-bug',4),(6,1,'ÂÆöÊó∂‰ªªÂä°','sys/schedule.html',NULL,1,'fa fa-tasks',5),(7,6,'Êü•Áúã',NULL,'sys:schedule:list,sys:schedule:info',2,NULL,0),(8,6,'Êñ∞Â¢û',NULL,'sys:schedule:save',2,NULL,0),(9,6,'‰øÆÊîπ',NULL,'sys:schedule:update',2,NULL,0),(10,6,'Âà†Èô§',NULL,'sys:schedule:delete',2,NULL,0),(11,6,'ÊöÇÂÅú',NULL,'sys:schedule:pause',2,NULL,0),(12,6,'ÊÅ¢Â§ç',NULL,'sys:schedule:resume',2,NULL,0),(13,6,'Á´ãÂç≥ÊâßË°å',NULL,'sys:schedule:run',2,NULL,0),(14,6,'Êó•ÂøóÂàóË°®',NULL,'sys:schedule:log',2,NULL,0),(15,2,'Êü•Áúã',NULL,'sys:user:list,sys:user:info',2,NULL,0),(16,2,'Êñ∞Â¢û',NULL,'sys:user:save,sys:role:select',2,NULL,0),(17,2,'‰øÆÊîπ',NULL,'sys:user:update,sys:role:select',2,NULL,0),(18,2,'Âà†Èô§',NULL,'sys:user:delete',2,NULL,0),(19,3,'Êü•Áúã',NULL,'sys:role:list,sys:role:info',2,NULL,0),(20,3,'Êñ∞Â¢û',NULL,'sys:role:save,sys:menu:perms',2,NULL,0),(21,3,'‰øÆÊîπ',NULL,'sys:role:update,sys:menu:perms',2,NULL,0),(22,3,'Âà†Èô§',NULL,'sys:role:delete',2,NULL,0),(23,4,'Êü•Áúã',NULL,'sys:menu:list,sys:menu:info',2,NULL,0),(24,4,'Êñ∞Â¢û',NULL,'sys:menu:save,sys:menu:select',2,NULL,0),(25,4,'‰øÆÊîπ',NULL,'sys:menu:update,sys:menu:select',2,NULL,0),(26,4,'Âà†Èô§',NULL,'sys:menu:delete',2,NULL,0),(27,1,'ÂèÇÊï∞ÁÆ°ÁêÜ','sys/config.html','sys:config:list,sys:config:info,sys:config:save,sys:config:update,sys:config:delete',1,'fa fa-sun-o',6),(28,1,'‰ª£Á†ÅÁîüÊàêÂô®','sys/generator.html','sys:generator:list,sys:generator:code',1,'fa fa-rocket',8),(29,1,'Á≥ªÁªüÊó•Âøó','sys/log.html','sys:log:list',1,'fa fa-file-text-o',7),(30,1,'Êñá‰ª∂‰∏ä‰º†','sys/oss.html','sys:oss:all',1,'fa fa-file-image-o',6),(31,0,'ÂêéÂè∞ÂèÇÊï∞',NULL,NULL,0,NULL,0),(32,31,'‰∫ë‰æõÂ∫îÂïÜ','ncu/cloudtype.html',NULL,1,'fa fa-file-code-o',2),(33,32,'Êü•Áúã',NULL,'cloudtype:list,cloudtype:info',2,NULL,6),(34,32,'Êñ∞Â¢û',NULL,'cloudtype:save',2,NULL,6),(35,32,'‰øÆÊîπ',NULL,'cloudtype:update',2,NULL,6),(36,32,'Âà†Èô§',NULL,'cloudtype:delete',2,NULL,6),(37,31,'‰∫ëÊúçÂä°Ê∏ÖÂçï','ncu/servicedef.html',NULL,1,'fa fa-file-code-o',6),(39,37,'Êü•Áúã',NULL,'servicedef:list,servicedef:info',2,NULL,6),(40,37,'Êñ∞Â¢û',NULL,'servicedef:save',2,NULL,6),(41,37,'‰øÆÊîπ',NULL,'servicedef:update',2,NULL,6),(42,37,'Âà†Èô§',NULL,'servicedef:delete',2,NULL,6),(43,31,'‰∫ëË¥¶Êà∑','ncu/account.html',NULL,1,'fa fa-file-code-o',6),(44,43,'Êü•Áúã',NULL,'account:list,account:info',2,NULL,6),(45,43,'Êñ∞Â¢û',NULL,'account:save',2,NULL,6),(46,43,'‰øÆÊîπ',NULL,'account:update',2,NULL,6),(47,43,'Âà†Èô§',NULL,'account:delete',2,NULL,6),(48,31,'‰∫ëË¥¶Êà∑-AWS','ncu/awsaccount.html',NULL,1,'fa fa-file-code-o',6),(49,48,'Êü•Áúã',NULL,'awsaccount:list,awsaccount:info',2,NULL,6),(50,48,'Êñ∞Â¢û',NULL,'awsaccount:save',2,NULL,6),(51,48,'‰øÆÊîπ',NULL,'awsaccount:update',2,NULL,6),(52,48,'Âà†Èô§',NULL,'awsaccount:delete',2,NULL,6),(53,31,'‰∫ëË¥¶Êà∑-ÂÖ≥ËÅîË¥¶Êà∑ÂÖ≥Á≥ª','ncu/accountlinkaccount.html',NULL,1,'fa fa-file-code-o',6),(54,53,'Êü•Áúã',NULL,'accountlinkaccount:list,accountlinkaccount:info',2,NULL,6),(55,53,'Êñ∞Â¢û',NULL,'accountlinkaccount:save',2,NULL,6),(56,53,'‰øÆÊîπ',NULL,'accountlinkaccount:update',2,NULL,6),(57,53,'Âà†Èô§',NULL,'accountlinkaccount:delete',2,NULL,6),(58,118,'ÊàêÊú¨Ê†áÁ≠æ','ncu/costtag.html',NULL,1,'fa fa-file-code-o',6),(59,58,'Êü•Áúã',NULL,'costtag:list,costtag:info',2,NULL,6),(60,58,'Êñ∞Â¢û',NULL,'costtag:save',2,NULL,6),(61,58,'‰øÆÊîπ',NULL,'costtag:update',2,NULL,6),(62,58,'Âà†Èô§',NULL,'costtag:delete',2,NULL,6),(63,118,'‰∏ãËΩΩÊó•Âøó','ncu/downloadinvoicelog.html',NULL,1,'fa fa-file-code-o',6),(64,63,'Êü•Áúã',NULL,'downloadinvoicelog:list,downloadinvoicelog:info',2,NULL,6),(65,63,'Êñ∞Â¢û',NULL,'downloadinvoicelog:save',2,NULL,6),(66,63,'‰øÆÊîπ',NULL,'downloadinvoicelog:update',2,NULL,6),(67,63,'Âà†Èô§',NULL,'downloadinvoicelog:delete',2,NULL,6),(68,118,'Ë¥¶ÂçïËØ¶ÊÉÖ','ncu/invoicedetail.html',NULL,1,'fa fa-file-code-o',6),(69,68,'Êü•Áúã',NULL,'invoicedetail:list,invoicedetail:info',2,NULL,6),(70,68,'Êñ∞Â¢û',NULL,'invoicedetail:save',2,NULL,6),(71,68,'‰øÆÊîπ',NULL,'invoicedetail:update',2,NULL,6),(72,68,'Âà†Èô§',NULL,'invoicedetail:delete',2,NULL,6),(73,118,'Ë∞ÉË¥¶Êó•Âøó','ncu/invoicedetailadjustlog.html',NULL,1,'fa fa-file-code-o',6),(74,73,'Êü•Áúã',NULL,'invoicedetailadjustlog:list,invoicedetailadjustlog:info',2,NULL,6),(75,73,'Êñ∞Â¢û',NULL,'invoicedetailadjustlog:save',2,NULL,6),(76,73,'‰øÆÊîπ',NULL,'invoicedetailadjustlog:update',2,NULL,6),(77,73,'Âà†Èô§',NULL,'invoicedetailadjustlog:delete',2,NULL,6),(78,118,'Ë∞ÉË¥¶Êï∞ÊçÆ','ncu/invoicedetailadjustfilter.html',NULL,1,'fa fa-file-code-o',6),(79,78,'Êü•Áúã',NULL,'invoicedetailadjustfilter:list,invoicedetailadjustfilter:info',2,NULL,6),(80,78,'Êñ∞Â¢û',NULL,'invoicedetailadjustfilter:save',2,NULL,6),(81,78,'‰øÆÊîπ',NULL,'invoicedetailadjustfilter:update',2,NULL,6),(82,78,'Âà†Èô§',NULL,'invoicedetailadjustfilter:delete',2,NULL,6),(83,118,'Ë¥¶Êà∑ÊúàË¥¶Âçï','ncu/invoiceaccountdesc.html',NULL,1,'fa fa-file-code-o',6),(84,83,'Êü•Áúã',NULL,'invoiceaccountdesc:list,invoiceaccountdesc:info',2,NULL,6),(85,83,'Êñ∞Â¢û',NULL,'invoiceaccountdesc:save',2,NULL,6),(86,83,'‰øÆÊîπ',NULL,'invoiceaccountdesc:update',2,NULL,6),(87,83,'Âà†Èô§',NULL,'invoiceaccountdesc:delete',2,NULL,6),(88,119,'Ê†áÁ≠æÊó•ÁªüËÆ°','ncu/tagdaycoststat.html',NULL,1,'fa fa-file-code-o',6),(89,88,'Êü•Áúã',NULL,'tagdaycoststat:list,tagdaycoststat:info',2,NULL,6),(90,88,'Êñ∞Â¢û',NULL,'tagdaycoststat:save',2,NULL,6),(91,88,'‰øÆÊîπ',NULL,'tagdaycoststat:update',2,NULL,6),(92,88,'Âà†Èô§',NULL,'tagdaycoststat:delete',2,NULL,6),(93,119,'ÊåâÊúàÁªüËÆ°','ncu/monthcoststat.html',NULL,1,'fa fa-file-code-o',6),(94,93,'Êü•Áúã',NULL,'monthcoststat:list,monthcoststat:info',2,NULL,6),(95,93,'Êñ∞Â¢û',NULL,'monthcoststat:save',2,NULL,6),(96,93,'‰øÆÊîπ',NULL,'monthcoststat:update',2,NULL,6),(97,93,'Âà†Èô§',NULL,'monthcoststat:delete',2,NULL,6),(98,118,'Ë¥¶ÂçïÈ¢ÑÁïôËØ¶ÊÉÖ','ncu/invoicedetailreserved.html',NULL,1,'fa fa-file-code-o',6),(99,98,'Êü•Áúã',NULL,'invoicedetailreserved:list,invoicedetailreserved:info',2,NULL,6),(100,98,'Êñ∞Â¢û',NULL,'invoicedetailreserved:save',2,NULL,6),(101,98,'‰øÆÊîπ',NULL,'invoicedetailreserved:update',2,NULL,6),(102,98,'Âà†Èô§',NULL,'invoicedetailreserved:delete',2,NULL,6),(103,118,'Ë¥¶ÂçïËØ¶ÊÉÖ','ncu/invoicedetaildesc.html',NULL,1,'fa fa-file-code-o',6),(104,103,'Êü•Áúã',NULL,'invoicedetaildesc:list,invoicedetaildesc:info',2,NULL,6),(105,103,'Êñ∞Â¢û',NULL,'invoicedetaildesc:save',2,NULL,6),(106,103,'‰øÆÊîπ',NULL,'invoicedetaildesc:update',2,NULL,6),(107,103,'Âà†Èô§',NULL,'invoicedetaildesc:delete',2,NULL,6),(108,118,'Ë¥¶ÂçïË∞ÉË¥¶ÁªìÊûú','ncu/invoicedetailadjustresult.html',NULL,1,'fa fa-file-code-o',6),(109,108,'Êü•Áúã',NULL,'invoicedetailadjustresult:list,invoicedetailadjustresult:info',2,NULL,6),(110,108,'Êñ∞Â¢û',NULL,'invoicedetailadjustresult:save',2,NULL,6),(111,108,'‰øÆÊîπ',NULL,'invoicedetailadjustresult:update',2,NULL,6),(112,108,'Âà†Èô§',NULL,'invoicedetailadjustresult:delete',2,NULL,6),(113,118,'Ë¥¶ÂçïÈ¢ÑÁïôË∞ÉË¥¶Êï∞ÊçÆ','ncu/invoicedetailadjustreserved.html',NULL,1,'fa fa-file-code-o',6),(114,113,'Êü•Áúã',NULL,'invoicedetailadjustreserved:list,invoicedetailadjustreserved:info',2,NULL,6),(115,113,'Êñ∞Â¢û',NULL,'invoicedetailadjustreserved:save',2,NULL,6),(116,113,'‰øÆÊîπ',NULL,'invoicedetailadjustreserved:update',2,NULL,6),(117,113,'Âà†Èô§',NULL,'invoicedetailadjustreserved:delete',2,NULL,6),(118,0,'Ë¥¶ÂçïÁÆ°ÁêÜ',NULL,NULL,0,NULL,1),(119,0,'ÊàêÊú¨ÂàÜÊûê',NULL,NULL,0,NULL,2);
/*!40000 ALTER TABLE `sys_menu` ENABLE KEYS */;
UNLOCK TABLES;

--
-- Table structure for table `sys_oss`
--

DROP TABLE IF EXISTS `sys_oss`;
/*!40101 SET @saved_cs_client     = @@character_set_client */;
/*!40101 SET character_set_client = utf8 */;
CREATE TABLE `sys_oss` (
  `id` bigint(20) NOT NULL AUTO_INCREMENT,
  `url` varchar(200) DEFAULT NULL COMMENT 'URLÂú∞ÂùÄ',
  `create_date` datetime DEFAULT NULL COMMENT 'ÂàõÂª∫Êó∂Èó¥',
  PRIMARY KEY (`id`)
) ENGINE=InnoDB AUTO_INCREMENT=2 DEFAULT CHARSET=utf8 COMMENT='Êñá‰ª∂‰∏ä‰º†';
/*!40101 SET character_set_client = @saved_cs_client */;

--
-- Dumping data for table `sys_oss`
--

LOCK TABLES `sys_oss` WRITE;
/*!40000 ALTER TABLE `sys_oss` DISABLE KEYS */;
INSERT INTO `sys_oss` VALUES (1,'http://7xqbwh.dl1.z0.glb.clouddn.com/upload/20170408/80204a8bd2ee46889e7c59a7f8748f8b','2017-04-08 16:46:54');
/*!40000 ALTER TABLE `sys_oss` ENABLE KEYS */;
UNLOCK TABLES;

--
-- Table structure for table `sys_role`
--

DROP TABLE IF EXISTS `sys_role`;
/*!40101 SET @saved_cs_client     = @@character_set_client */;
/*!40101 SET character_set_client = utf8 */;
CREATE TABLE `sys_role` (
  `role_id` bigint(20) NOT NULL AUTO_INCREMENT,
  `role_name` varchar(100) DEFAULT NULL COMMENT 'ËßíËâ≤ÂêçÁß∞',
  `remark` varchar(100) DEFAULT NULL COMMENT 'Â§áÊ≥®',
  `create_user_id` bigint(20) DEFAULT NULL COMMENT 'ÂàõÂª∫ËÄÖID',
  `create_time` datetime DEFAULT NULL COMMENT 'ÂàõÂª∫Êó∂Èó¥',
  PRIMARY KEY (`role_id`)
) ENGINE=InnoDB AUTO_INCREMENT=2 DEFAULT CHARSET=utf8 COMMENT='ËßíËâ≤';
/*!40101 SET character_set_client = @saved_cs_client */;

--
-- Dumping data for table `sys_role`
--

LOCK TABLES `sys_role` WRITE;
/*!40000 ALTER TABLE `sys_role` DISABLE KEYS */;
INSERT INTO `sys_role` VALUES (1,'Âπ≥Âè∞ÁÆ°ÁêÜÂëò',NULL,1,'2017-04-03 12:20:48');
/*!40000 ALTER TABLE `sys_role` ENABLE KEYS */;
UNLOCK TABLES;

--
-- Table structure for table `sys_role_menu`
--

DROP TABLE IF EXISTS `sys_role_menu`;
/*!40101 SET @saved_cs_client     = @@character_set_client */;
/*!40101 SET character_set_client = utf8 */;
CREATE TABLE `sys_role_menu` (
  `id` bigint(20) NOT NULL AUTO_INCREMENT,
  `role_id` bigint(20) DEFAULT NULL COMMENT 'ËßíËâ≤ID',
  `menu_id` bigint(20) DEFAULT NULL COMMENT 'ËèúÂçïID',
  PRIMARY KEY (`id`)
) ENGINE=InnoDB AUTO_INCREMENT=298 DEFAULT CHARSET=utf8 COMMENT='ËßíËâ≤‰∏éËèúÂçïÂØπÂ∫îÂÖ≥Á≥ª';
/*!40101 SET character_set_client = @saved_cs_client */;

--
-- Dumping data for table `sys_role_menu`
--

LOCK TABLES `sys_role_menu` WRITE;
/*!40000 ALTER TABLE `sys_role_menu` DISABLE KEYS */;
INSERT INTO `sys_role_menu` VALUES (180,1,31),(181,1,32),(182,1,33),(183,1,34),(184,1,35),(185,1,36),(186,1,37),(187,1,39),(188,1,40),(189,1,41),(190,1,42),(191,1,43),(192,1,44),(193,1,45),(194,1,46),(195,1,47),(196,1,48),(197,1,49),(198,1,50),(199,1,51),(200,1,52),(201,1,53),(202,1,54),(203,1,55),(204,1,56),(205,1,57),(206,1,118),(207,1,58),(208,1,59),(209,1,60),(210,1,61),(211,1,62),(212,1,63),(213,1,64),(214,1,65),(215,1,66),(216,1,67),(217,1,68),(218,1,69),(219,1,70),(220,1,71),(221,1,72),(222,1,73),(223,1,74),(224,1,75),(225,1,76),(226,1,77),(227,1,78),(228,1,79),(229,1,80),(230,1,81),(231,1,82),(232,1,83),(233,1,84),(234,1,85),(235,1,86),(236,1,87),(237,1,98),(238,1,99),(239,1,100),(240,1,101),(241,1,102),(242,1,103),(243,1,104),(244,1,105),(245,1,106),(246,1,107),(247,1,108),(248,1,109),(249,1,110),(250,1,111),(251,1,112),(252,1,113),(253,1,114),(254,1,115),(255,1,116),(256,1,117),(257,1,119),(258,1,88),(259,1,89),(260,1,90),(261,1,91),(262,1,92),(263,1,93),(264,1,94),(265,1,95),(266,1,96),(267,1,97),(268,1,1),(269,1,2),(270,1,15),(271,1,16),(272,1,17),(273,1,18),(274,1,3),(275,1,19),(276,1,20),(277,1,21),(278,1,22),(279,1,4),(280,1,23),(281,1,24),(282,1,25),(283,1,26),(284,1,5),(285,1,6),(286,1,7),(287,1,8),(288,1,9),(289,1,10),(290,1,11),(291,1,12),(292,1,13),(293,1,14),(294,1,27),(295,1,30),(296,1,29),(297,1,28);
/*!40000 ALTER TABLE `sys_role_menu` ENABLE KEYS */;
UNLOCK TABLES;

--
-- Table structure for table `sys_user`
--

DROP TABLE IF EXISTS `sys_user`;
/*!40101 SET @saved_cs_client     = @@character_set_client */;
/*!40101 SET character_set_client = utf8 */;
CREATE TABLE `sys_user` (
  `user_id` bigint(20) NOT NULL AUTO_INCREMENT,
  `username` varchar(50) NOT NULL COMMENT 'Áî®Êà∑Âêç',
  `password` varchar(100) DEFAULT NULL COMMENT 'ÂØÜÁ†Å',
  `email` varchar(100) DEFAULT NULL COMMENT 'ÈÇÆÁÆ±',
  `mobile` varchar(100) DEFAULT NULL COMMENT 'ÊâãÊú∫Âè∑',
  `status` tinyint(4) DEFAULT NULL COMMENT 'Áä∂ÊÄÅ  0ÔºöÁ¶ÅÁî®   1ÔºöÊ≠£Â∏∏',
  `create_user_id` bigint(20) DEFAULT NULL COMMENT 'ÂàõÂª∫ËÄÖID',
  `create_time` datetime DEFAULT NULL COMMENT 'ÂàõÂª∫Êó∂Èó¥',
  PRIMARY KEY (`user_id`),
  UNIQUE KEY `username` (`username`)
) ENGINE=InnoDB AUTO_INCREMENT=3 DEFAULT CHARSET=utf8 COMMENT='Á≥ªÁªüÁî®Êà∑';
/*!40101 SET character_set_client = @saved_cs_client */;

--
-- Dumping data for table `sys_user`
--

LOCK TABLES `sys_user` WRITE;
/*!40000 ALTER TABLE `sys_user` DISABLE KEYS */;
INSERT INTO `sys_user` VALUES (1,'admin','8c6976e5b5410415bde908bd4dee15dfb167a9c873fc4bb8a81f6f2ab448a918','root@renren.io','13612345678',1,NULL,'2016-11-11 11:11:11'),(2,'rechen','d84ce7ea0838f6397ec588875f96822f73f8e9e63b7a79b255ca74070855650d','rechen@qq.com','18938961900',1,1,'2017-04-03 12:20:16');
/*!40000 ALTER TABLE `sys_user` ENABLE KEYS */;
UNLOCK TABLES;

--
-- Table structure for table `sys_user_role`
--

DROP TABLE IF EXISTS `sys_user_role`;
/*!40101 SET @saved_cs_client     = @@character_set_client */;
/*!40101 SET character_set_client = utf8 */;
CREATE TABLE `sys_user_role` (
  `id` bigint(20) NOT NULL AUTO_INCREMENT,
  `user_id` bigint(20) DEFAULT NULL COMMENT 'Áî®Êà∑ID',
  `role_id` bigint(20) DEFAULT NULL COMMENT 'ËßíËâ≤ID',
  PRIMARY KEY (`id`)
) ENGINE=InnoDB AUTO_INCREMENT=5 DEFAULT CHARSET=utf8 COMMENT='Áî®Êà∑‰∏éËßíËâ≤ÂØπÂ∫îÂÖ≥Á≥ª';
/*!40101 SET character_set_client = @saved_cs_client */;

--
-- Dumping data for table `sys_user_role`
--

LOCK TABLES `sys_user_role` WRITE;
/*!40000 ALTER TABLE `sys_user_role` DISABLE KEYS */;
INSERT INTO `sys_user_role` VALUES (3,1,1),(4,2,1);
/*!40000 ALTER TABLE `sys_user_role` ENABLE KEYS */;
UNLOCK TABLES;

--
-- Table structure for table `tb_token`
--

DROP TABLE IF EXISTS `tb_token`;
/*!40101 SET @saved_cs_client     = @@character_set_client */;
/*!40101 SET character_set_client = utf8 */;
CREATE TABLE `tb_token` (
  `user_id` bigint(20) NOT NULL,
  `token` varchar(100) NOT NULL COMMENT 'token',
  `expire_time` datetime DEFAULT NULL COMMENT 'ËøáÊúüÊó∂Èó¥',
  `update_time` datetime DEFAULT NULL COMMENT 'Êõ¥Êñ∞Êó∂Èó¥',
  PRIMARY KEY (`user_id`),
  UNIQUE KEY `token` (`token`)
) ENGINE=InnoDB DEFAULT CHARSET=utf8 COMMENT='Áî®Êà∑Token';
/*!40101 SET character_set_client = @saved_cs_client */;

--
-- Dumping data for table `tb_token`
--

LOCK TABLES `tb_token` WRITE;
/*!40000 ALTER TABLE `tb_token` DISABLE KEYS */;
/*!40000 ALTER TABLE `tb_token` ENABLE KEYS */;
UNLOCK TABLES;

--
-- Table structure for table `tb_user`
--

DROP TABLE IF EXISTS `tb_user`;
/*!40101 SET @saved_cs_client     = @@character_set_client */;
/*!40101 SET character_set_client = utf8 */;
CREATE TABLE `tb_user` (
  `user_id` bigint(20) NOT NULL AUTO_INCREMENT,
  `username` varchar(50) NOT NULL COMMENT 'Áî®Êà∑Âêç',
  `mobile` varchar(20) NOT NULL COMMENT 'ÊâãÊú∫Âè∑',
  `password` varchar(64) DEFAULT NULL COMMENT 'ÂØÜÁ†Å',
  `create_time` datetime DEFAULT NULL COMMENT 'ÂàõÂª∫Êó∂Èó¥',
  PRIMARY KEY (`user_id`),
  UNIQUE KEY `username` (`username`)
) ENGINE=InnoDB AUTO_INCREMENT=2 DEFAULT CHARSET=utf8 COMMENT='Áî®Êà∑';
/*!40101 SET character_set_client = @saved_cs_client */;

--
-- Dumping data for table `tb_user`
--

LOCK TABLES `tb_user` WRITE;
/*!40000 ALTER TABLE `tb_user` DISABLE KEYS */;
INSERT INTO `tb_user` VALUES (1,'mark','13612345678','8c6976e5b5410415bde908bd4dee15dfb167a9c873fc4bb8a81f6f2ab448a918','2017-03-23 22:37:41');
/*!40000 ALTER TABLE `tb_user` ENABLE KEYS */;
UNLOCK TABLES;
/*!40103 SET TIME_ZONE=@OLD_TIME_ZONE */;

/*!40101 SET SQL_MODE=@OLD_SQL_MODE */;
/*!40014 SET FOREIGN_KEY_CHECKS=@OLD_FOREIGN_KEY_CHECKS */;
/*!40014 SET UNIQUE_CHECKS=@OLD_UNIQUE_CHECKS */;
/*!40101 SET CHARACTER_SET_CLIENT=@OLD_CHARACTER_SET_CLIENT */;
/*!40101 SET CHARACTER_SET_RESULTS=@OLD_CHARACTER_SET_RESULTS */;
/*!40101 SET COLLATION_CONNECTION=@OLD_COLLATION_CONNECTION */;
/*!40111 SET SQL_NOTES=@OLD_SQL_NOTES */;

-- Dump completed on 2017-04-23 15:09:39
